"listing_id","session_id","batch_id","created_at","updated_at","current_phase_state","hard_filter_status","rankable_status","needs_manual_followup","confidence_level","hard_filter_fail_count","hard_filter_tbd_count","positive_points_earned","positive_points_possible","positive_score_pct","penalty_points","total_score_after_penalties","lease_fit_points_earned","cost_points_earned","location_points_earned","living_arrangement_points_earned","unit_quality_points_earned","trust_points_earned","key_strengths","key_concerns","next_action","decision_notes"
"bsh-vip-room","session_2026_05_31_initial_research","batch_2026_05_31_initial_pack_phase2","2026-05-31","2026-05-31","phase6_scored_provisional","hard_filter_tbd","review_only_hard_filter_tbd","yes","unknown","0","5","59","95","62.1","0","59","0","16","9","12","13","9","listed at S$1900/month; desk in room; AC; laundry access; visual read is basic but plausibly more spacious than the smaller hostel rooms","guest policy is not disclosed publicly; August 2026 move-in still needs confirmation; room-specific photos are limited and the hostel finish looks functional rather than premium","Provisional comparison score only. Request a written Aug-Dec quote with exact room hold, deposit, utilities, fees/taxes, guest policy, and lease terms.","Provisional comparison only until unresolved hard filters are closed."
"bsh-mini-single-room","session_2026_05_31_initial_research","batch_2026_05_31_initial_pack_phase2","2026-05-31","2026-05-31","phase6_scored_provisional","hard_filter_tbd","review_only_hard_filter_tbd","yes","unknown","0","7","43","73","58.9","0","43","0","3","9","14","9","8","public page shows 1100-1300/month pricing; AC; near bus; hostel visuals suggest a simple no-frills student setup","deposit/admin/tax terms are not fully disclosed; guest policy is not disclosed publicly; August 2026 move-in still needs confirmation; older or generic photos make desk, window, and actual room spaciousness hard to trust; exact room deep link was not exposed publicly, so the row stores the most specific public page plus an explicit note","Provisional comparison score only. Request a written Aug-Dec quote with exact room hold, deposit, utilities, fees/taxes, guest policy, and lease terms.","Provisional comparison only until unresolved hard filters are closed."
"sophia-view-tap-lite","session_2026_05_31_initial_research","batch_2026_05_31_initial_pack_phase2","2026-05-31","2026-05-31","phase6_scored_provisional","hard_filter_tbd","review_only_hard_filter_tbd","yes","medium","0","2","73","99","73.7","0","73","3","12","17","15","17","9","listed at S$1950/month; Queen Bed; desk in room; AC; clean modern visuals and a plausible desk-plus-queen layout","deposit/admin/tax terms are not fully disclosed; guest policy is not disclosed publicly; gallery looks polished and partly generic, so exact room spaciousness and shared-bath feel remain somewhat uncertain","Provisional comparison score only. Human review required before ranking. Request a written Aug-Dec quote with exact room hold, deposit, utilities, fees/taxes, guest policy, and lease terms.","Provisional comparison only until unresolved hard filters are closed."
"keystone-farrer-compact","session_2026_05_31_initial_research","batch_2026_05_31_initial_pack_phase2","2026-05-31","2026-05-31","phase6_scored_provisional","hard_filter_tbd","review_only_hard_filter_tbd","yes","medium","0","3","75","95","78.9","0","75","4","17","5","20","20","9","listed at S$1705/month; Queen Bed; desk in room; AC; clean serviced-room feel and generally maintained finishes","guest policy is not disclosed publicly; August 2026 move-in still needs confirmation; exact-room photo coverage is mixed and the 13 sqm footprint will likely feel tight","Provisional comparison score only. Request a written Aug-Dec quote with exact room hold, deposit, utilities, fees/taxes, guest policy, and lease terms.","Provisional comparison only until unresolved hard filters are closed."
"bencoolen-house-tap-lite","session_2026_05_31_initial_research","batch_2026_05_31_initial_pack_phase2","2026-05-31","2026-05-31","phase6_scored_provisional","hard_filter_tbd","review_only_hard_filter_tbd","yes","medium","0","2","78","99","78.8","0","78","3","15","19","15","17","9","listed at S$1700/month; Queen Bed; desk in room; AC; clean modern visuals and a plausible desk-plus-queen layout","deposit/admin/tax terms are not fully disclosed; guest policy is not disclosed publicly; gallery looks polished and partly generic, so exact room spaciousness and shared-bath feel remain somewhat uncertain","Provisional comparison score only. Human review required before ranking. Request a written Aug-Dec quote with exact room hold, deposit, utilities, fees/taxes, guest policy, and lease terms.","Provisional comparison only until unresolved hard filters are closed."
"jalan-besar-138-lite","session_2026_05_31_initial_research","batch_2026_05_31_initial_pack_phase2","2026-05-31","2026-05-31","phase6_scored_provisional","hard_filter_tbd","review_only_hard_filter_tbd","yes","medium","0","3","82","94","87.2","0","82","3","18","19","12","21","9","listed at S$1500/month; Queen Bed; desk in room; AC; clean modern visuals and a plausible desk-plus-queen layout","deposit/admin/tax terms are not fully disclosed; guest policy is not disclosed publicly; August 2026 move-in still needs confirmation; gallery looks polished and partly generic, so exact room spaciousness and shared-bath feel remain somewhat uncertain","Provisional comparison score only. Human review required before ranking. Request a written Aug-Dec quote with exact room hold, deposit, utilities, fees/taxes, guest policy, and lease terms.","Provisional comparison only until unresolved hard filters are closed."
"jalan-besar-138-luxe","session_2026_05_31_initial_research","batch_2026_05_31_initial_pack_phase2","2026-05-31","2026-05-31","phase6_scored_provisional","hard_filter_tbd","review_only_hard_filter_tbd","yes","medium","0","2","85","103","82.5","0","85","4","12","19","20","21","9","listed at S$1950/month; Queen Bed; desk in room; AC; clean modern visuals with better bathroom finish and stronger overall room feel","deposit/admin/tax terms are not fully disclosed; guest policy is not disclosed publicly; gallery looks polished and partly generic, so exact-room photo consistency is not perfect","Provisional comparison score only. Human review required before ranking. Request a written Aug-Dec quote with exact room hold, deposit, utilities, fees/taxes, guest policy, and lease terms.","Provisional comparison only until unresolved hard filters are closed."
"jalan-besar-140-lite","session_2026_05_31_initial_research","batch_2026_05_31_initial_pack_phase2","2026-05-31","2026-05-31","phase6_scored_provisional","hard_filter_tbd","review_only_hard_filter_tbd","yes","medium","0","2","85","103","82.5","0","85","4","12","19","20","21","9","listed at S$1950/month; Queen Bed; desk in room; AC; clean modern visuals and a plausible desk-plus-queen layout","deposit/admin/tax terms are not fully disclosed; guest policy is not disclosed publicly; gallery looks polished and partly generic, so exact room spaciousness and shared-bath feel remain somewhat uncertain","Provisional comparison score only. Human review required before ranking. Request a written Aug-Dec quote with exact room hold, deposit, utilities, fees/taxes, guest policy, and lease terms.","Provisional comparison only until unresolved hard filters are closed."
"horne-road-64-lite","session_2026_05_31_initial_research","batch_2026_05_31_initial_pack_phase2","2026-05-31","2026-05-31","phase6_scored_provisional","hard_filter_tbd","review_only_hard_filter_tbd","yes","medium","0","3","61","76","80.3","0","61","3","15","5","12","17","9","listed at S$1750/month; Queen Bed; desk in room; AC; clean modern visuals and a plausible desk-plus-queen layout","deposit/admin/tax terms are not fully disclosed; guest policy is not disclosed publicly; August 2026 move-in still needs confirmation; gallery looks polished and partly generic, so exact room spaciousness and shared-bath feel remain somewhat uncertain","Provisional comparison score only. Request a written Aug-Dec quote with exact room hold, deposit, utilities, fees/taxes, guest policy, and lease terms.","Provisional comparison only until unresolved hard filters are closed."
"dunlop-79a-lite","session_2026_05_31_initial_research","batch_2026_05_31_initial_pack_phase2","2026-05-31","2026-05-31","phase6_scored_provisional","hard_filter_tbd","review_only_hard_filter_tbd","yes","medium","0","4","61","76","80.3","0","61","0","18","5","12","17","9","listed at S$1400/month; Single or Queen Bed; desk in room; AC; clean modern visuals and a plausible desk-plus-queen layout","deposit/admin/tax terms are not fully disclosed; guest policy is not disclosed publicly; August 2026 move-in still needs confirmation; gallery looks polished and partly generic, so exact room spaciousness and shared-bath feel remain somewhat uncertain","Provisional comparison score only. Request a written Aug-Dec quote with exact room hold, deposit, utilities, fees/taxes, guest policy, and lease terms.","Provisional comparison only until unresolved hard filters are closed."
"the-centren-lite-queen","session_2026_05_31_initial_research","batch_2026_05_31_initial_pack_phase2","2026-05-31","2026-05-31","phase6_scored_provisional","hard_filter_tbd","review_only_hard_filter_tbd","yes","medium","0","3","62","76","81.6","0","62","3","16","5","12","17","9","listed at S$1800/month; Queen Bed; desk in room; AC; clean modern visuals and a plausible desk-plus-queen layout","deposit/admin/tax terms are not fully disclosed; guest policy is not disclosed publicly; August 2026 move-in still needs confirmation; gallery looks polished and partly generic, so exact room spaciousness and shared-bath feel remain somewhat uncertain","Provisional comparison score only. Request a written Aug-Dec quote with exact room hold, deposit, utilities, fees/taxes, guest policy, and lease terms.","Provisional comparison only until unresolved hard filters are closed."
"lyf-bugis-nano-queen","session_2026_05_31_initial_research","batch_2026_05_31_initial_pack_phase2","2026-05-31","2026-05-31","phase6_scored_provisional","hard_filter_tbd","review_only_hard_filter_tbd","yes","medium","0","6","53","62","85.5","0","53","4","0","6","18","16","9","Queen Bed; desk in room; near Bencoolen MRT; clean branded visuals and maintained ensuite finish","current monthly SGD rate is not publicly shown; deposit/admin/tax terms are not fully disclosed; guest policy is not disclosed publicly; very compact footprint likely limits desk comfort and spare storage space","Provisional comparison score only. Request a written Aug-Dec quote with exact room hold, deposit, utilities, fees/taxes, guest policy, and lease terms.","Provisional comparison only until unresolved hard filters are closed."
"lyf-bugis-one-of-a-kind","session_2026_05_31_initial_research","batch_2026_05_31_initial_pack_phase2","2026-05-31","2026-05-31","phase6_scored_provisional","hard_filter_tbd","review_only_hard_filter_tbd","yes","medium","0","6","53","62","85.5","0","53","4","0","6","18","16","9","King Bed; desk in room; near Bencoolen MRT; clean branded visuals and stronger bathroom or studio finish than lower tiers","current monthly SGD rate is not publicly shown; deposit/admin/tax terms are not fully disclosed; guest policy is not disclosed publicly; official photography is polished and staged, so exact room feel can still differ in person","Provisional comparison score only. Request a written Aug-Dec quote with exact room hold, deposit, utilities, fees/taxes, guest policy, and lease terms.","Provisional comparison only until unresolved hard filters are closed."
"lyf-bugis-one-of-a-kind-plus","session_2026_05_31_initial_research","batch_2026_05_31_initial_pack_phase2","2026-05-31","2026-05-31","phase6_scored_provisional","hard_filter_tbd","review_only_hard_filter_tbd","yes","medium","0","6","53","62","85.5","0","53","4","0","6","18","16","9","King Bed; desk in room; near Bencoolen MRT; clean branded visuals and stronger bathroom or studio finish than lower tiers","current monthly SGD rate is not publicly shown; deposit/admin/tax terms are not fully disclosed; guest policy is not disclosed publicly; official photography is polished and staged, so exact room feel can still differ in person","Provisional comparison score only. Request a written Aug-Dec quote with exact room hold, deposit, utilities, fees/taxes, guest policy, and lease terms.","Provisional comparison only until unresolved hard filters are closed."
"lyf-farrer-one-of-a-kind","session_2026_05_31_initial_research","batch_2026_05_31_initial_pack_phase2","2026-05-31","2026-05-31","phase6_scored_provisional","hard_filter_tbd","review_only_hard_filter_tbd","yes","medium","0","6","54","62","87.1","0","54","4","0","5","18","18","9","Queen Bed; desk in room; near Farrer Park MRT; clean branded visuals and stronger bathroom or studio finish than lower tiers","current monthly SGD rate is not publicly shown; deposit/admin/tax terms are not fully disclosed; guest policy is not disclosed publicly; official photography is polished and staged, so exact room feel can still differ in person","Provisional comparison score only. Request a written Aug-Dec quote with exact room hold, deposit, utilities, fees/taxes, guest policy, and lease terms.","Provisional comparison only until unresolved hard filters are closed."
"lyf-funan-one-of-a-kind","session_2026_05_31_initial_research","batch_2026_05_31_initial_pack_phase2","2026-05-31","2026-05-31","phase6_scored_provisional","hard_filter_tbd","review_only_hard_filter_tbd","yes","unknown","0","7","38","46","82.6","0","38","0","0","6","8","16","8","desk in room; near City Hall MRT; clean branded visuals and stronger bathroom or studio finish than lower tiers","current monthly SGD rate is not publicly shown; deposit/admin/tax terms are not fully disclosed; guest policy is not disclosed publicly; official photography is polished and staged, so exact room feel can still differ in person; exact room deep link was not exposed publicly, so the row stores the most specific public page plus an explicit note","Provisional comparison score only. Request a written Aug-Dec quote with exact room hold, deposit, utilities, fees/taxes, guest policy, and lease terms.","Provisional comparison only until unresolved hard filters are closed."
"lyf-funan-one-of-a-kind-plus","session_2026_05_31_initial_research","batch_2026_05_31_initial_pack_phase2","2026-05-31","2026-05-31","phase6_scored_provisional","hard_filter_tbd","review_only_hard_filter_tbd","yes","medium","0","6","55","62","88.7","0","55","4","0","6","18","18","9","Queen Bed; desk in room; near City Hall MRT; clean branded visuals and stronger bathroom or studio finish than lower tiers","current monthly SGD rate is not publicly shown; deposit/admin/tax terms are not fully disclosed; guest policy is not disclosed publicly; official photography is polished and staged, so exact room feel can still differ in person","Provisional comparison score only. Request a written Aug-Dec quote with exact room hold, deposit, utilities, fees/taxes, guest policy, and lease terms.","Provisional comparison only until unresolved hard filters are closed."
"lyf-chinatown-nano-queen","session_2026_05_31_initial_research","batch_2026_05_31_initial_pack_phase2","2026-05-31","2026-05-31","phase6_scored_provisional","hard_filter_tbd","review_only_hard_filter_tbd","yes","unknown","0","4","45","57","78.9","0","45","3","0","5","12","17","8","Queen Bed; desk in room; AC; near public transport; clean branded visuals and maintained ensuite finish","current monthly SGD rate is not publicly shown; deposit/admin/tax terms are not fully disclosed; guest policy is not disclosed publicly; very compact footprint likely limits desk comfort and spare storage space; exact room deep link was not exposed publicly, so the row stores the most specific public page plus an explicit note","Provisional comparison score only. Request a written Aug-Dec quote with exact room hold, deposit, utilities, fees/taxes, guest policy, and lease terms.","Provisional comparison only until unresolved hard filters are closed."
"lyf-chinatown-nano-queen-plus","session_2026_05_31_initial_research","batch_2026_05_31_initial_pack_phase2","2026-05-31","2026-05-31","phase6_scored_provisional","hard_filter_tbd","review_only_hard_filter_tbd","yes","unknown","0","4","45","57","78.9","0","45","3","0","5","12","17","8","Queen Bed; desk in room; AC; near public transport; clean branded visuals and maintained ensuite finish","current monthly SGD rate is not publicly shown; deposit/admin/tax terms are not fully disclosed; guest policy is not disclosed publicly; very compact footprint likely limits desk comfort and spare storage space; exact room deep link was not exposed publicly, so the row stores the most specific public page plus an explicit note","Provisional comparison score only. Request a written Aug-Dec quote with exact room hold, deposit, utilities, fees/taxes, guest policy, and lease terms.","Provisional comparison only until unresolved hard filters are closed."
"lyf-chinatown-one-of-a-kind","session_2026_05_31_initial_research","batch_2026_05_31_initial_pack_phase2","2026-05-31","2026-05-31","phase6_scored_provisional","hard_filter_tbd","review_only_hard_filter_tbd","yes","unknown","0","5","41","52","78.8","0","41","0","0","5","12","16","8","desk in room; AC; near public transport; clean branded visuals and stronger bathroom or studio finish than lower tiers","current monthly SGD rate is not publicly shown; deposit/admin/tax terms are not fully disclosed; guest policy is not disclosed publicly; official photography is polished and staged, so exact room feel can still differ in person; exact room deep link was not exposed publicly, so the row stores the most specific public page plus an explicit note","Provisional comparison score only. Request a written Aug-Dec quote with exact room hold, deposit, utilities, fees/taxes, guest policy, and lease terms.","Provisional comparison only until unresolved hard filters are closed."
"lyf-chinatown-one-of-a-kind-plus","session_2026_05_31_initial_research","batch_2026_05_31_initial_pack_phase2","2026-05-31","2026-05-31","phase6_scored_provisional","hard_filter_tbd","review_only_hard_filter_tbd","yes","unknown","0","5","41","52","78.8","0","41","0","0","5","12","16","8","desk in room; AC; near public transport; clean branded visuals and stronger bathroom or studio finish than lower tiers","current monthly SGD rate is not publicly shown; deposit/admin/tax terms are not fully disclosed; guest policy is not disclosed publicly; official photography is polished and staged, so exact room feel can still differ in person; exact room deep link was not exposed publicly, so the row stores the most specific public page plus an explicit note","Provisional comparison score only. Request a written Aug-Dec quote with exact room hold, deposit, utilities, fees/taxes, guest policy, and lease terms.","Provisional comparison only until unresolved hard filters are closed."
"somerset-bencoolen-one-bedroom-deluxe","session_2026_05_31_initial_research","batch_2026_05_31_initial_pack_phase2","2026-05-31","2026-05-31","phase6_scored_provisional","hard_filter_tbd","review_only_hard_filter_tbd","yes","medium","0","5","56","64","87.5","0","56","0","3","18","8","18","9","desk in room; 8 min to SMU; apartment-style visuals suggest strong usable floor space and a cleaner kitchen-bathroom package","current monthly SGD rate is not publicly shown; deposit/admin/tax terms are not fully disclosed; guest policy is not disclosed publicly; official marketing photos are polished and may not capture every wear point or exact unit orientation","Provisional comparison score only. Human review required before ranking. Request a written Aug-Dec quote with exact room hold, deposit, utilities, fees/taxes, guest policy, and lease terms.","Provisional comparison only until unresolved hard filters are closed."
"somerset-bencoolen-one-bedroom-premier","session_2026_05_31_initial_research","batch_2026_05_31_initial_pack_phase2","2026-05-31","2026-05-31","phase6_scored_provisional","hard_filter_tbd","review_only_hard_filter_tbd","yes","medium","0","5","56","64","87.5","0","56","0","3","18","8","18","9","desk in room; 8 min to SMU; apartment-style visuals suggest strong usable floor space and a cleaner kitchen-bathroom package","current monthly SGD rate is not publicly shown; deposit/admin/tax terms are not fully disclosed; guest policy is not disclosed publicly; official marketing photos are polished and may not capture every wear point or exact unit orientation","Provisional comparison score only. Human review required before ranking. Request a written Aug-Dec quote with exact room hold, deposit, utilities, fees/taxes, guest policy, and lease terms.","Provisional comparison only until unresolved hard filters are closed."
"citadines-rochor-studio-premier","session_2026_05_31_initial_research","batch_2026_05_31_initial_pack_phase2","2026-05-31","2026-05-31","phase6_scored_provisional","hard_filter_tbd","review_only_hard_filter_tbd","yes","medium","0","5","53","62","85.5","0","53","4","0","6","18","16","9","Queen Bed; desk in room; near Rochor MRT; clean serviced-apartment visuals and modern bathroom finish","current monthly SGD rate is not publicly shown; deposit/admin/tax terms are not fully disclosed; guest policy is not disclosed publicly; studio layout is likely efficient and compact despite bright photography","Provisional comparison score only. Request a written Aug-Dec quote with exact room hold, deposit, utilities, fees/taxes, guest policy, and lease terms.","Provisional comparison only until unresolved hard filters are closed."
"citadines-rochor-studio-executive","session_2026_05_31_initial_research","batch_2026_05_31_initial_pack_phase2","2026-05-31","2026-05-31","phase6_scored_provisional","hard_filter_tbd","review_only_hard_filter_tbd","yes","medium","0","5","53","62","85.5","0","53","4","0","6","18","16","9","Queen Bed; desk in room; near Rochor MRT; clean serviced-apartment visuals and modern bathroom finish","current monthly SGD rate is not publicly shown; deposit/admin/tax terms are not fully disclosed; guest policy is not disclosed publicly; studio layout is likely efficient and compact despite bright photography","Provisional comparison score only. Request a written Aug-Dec quote with exact room hold, deposit, utilities, fees/taxes, guest policy, and lease terms.","Provisional comparison only until unresolved hard filters are closed."
"citadines-rochor-one-bedroom-premier","session_2026_05_31_initial_research","batch_2026_05_31_initial_pack_phase2","2026-05-31","2026-05-31","phase6_scored_provisional","hard_filter_tbd","review_only_hard_filter_tbd","yes","medium","0","4","53","62","85.5","0","53","4","0","6","18","16","9","Queen Bed; desk in room; laundry access; near Rochor MRT; clean serviced-apartment visuals with stronger usable floor space","current monthly SGD rate is not publicly shown; deposit/admin/tax terms are not fully disclosed; guest policy is not disclosed publicly; official images are polished and may overstate spaciousness slightly","Provisional comparison score only. Request a written Aug-Dec quote with exact room hold, deposit, utilities, fees/taxes, guest policy, and lease terms.","Provisional comparison only until unresolved hard filters are closed."
"cove-ritzfarrer-671","session_2026_05_31_initial_research","batch_2026_05_31_cove_phase2","2026-05-31","2026-05-31","phase6_scored_provisional","hard_filter_tbd","review_only_hard_filter_tbd","yes","medium","0","3","70","88","79.5","0","70","4","7","15","18","17","9","Exact room page with stronger-than-required bed size and central transit access; exact-room photography looks more real than heavily staged marketing","Live monthly price and exact August move-in date were not exposed cleanly on the retrieved page; Cove itself notes that actual room condition can vary slightly from the photos","Provisional comparison score only. Confirm the current monthly rate and August move-in date for this exact room","Provisional comparison only until unresolved hard filters are closed."
"cove-plaza-665","session_2026_05_31_initial_research","batch_2026_05_31_cove_phase2","2026-05-31","2026-05-31","phase6_scored_provisional","hard_filter_tbd","review_only_hard_filter_tbd","yes","medium","0","1","68","98","69.4","0","68","3","11","15","13","17","9","Central private-room option with exact URL and strong basic fit; exact-room photography looks more real than heavily staged marketing","Shared bathroom details, utilities inclusion, and August-specific availability reconfirmation remain unverified; shared-bath or shared-area finish looks more functional than premium and can vary by building","Provisional comparison score only. Confirm whether this exact room can be held for the semester dates and request the full fee breakdown","Provisional comparison only until unresolved hard filters are closed."
"cove-foch-1056","session_2026_05_31_initial_research","batch_2026_05_31_cove_phase2","2026-05-31","2026-05-31","phase6_scored_provisional","hard_filter_tbd","review_only_hard_filter_tbd","yes","medium","0","3","73","88","83","0","73","5","7","15","20","17","9","Private studio format with kitchenette and exact listing URL; exact-room photography looks more real than heavily staged marketing","Top-of-page monthly rate and August-specific availability were not exposed cleanly in retrieved content; Cove itself notes that actual room condition can vary slightly from the photos","Provisional comparison score only. Confirm the live monthly price and August move-in date for this exact studio","Provisional comparison only until unresolved hard filters are closed."
"cove-foch-1049","session_2026_05_31_initial_research","batch_2026_05_31_cove_phase2","2026-05-31","2026-05-31","phase6_scored_provisional","hard_filter_tbd","review_only_hard_filter_tbd","yes","medium","0","3","73","88","83","0","73","5","7","15","20","17","9","Larger private studio in a central location with exact listing URL; exact-room photography looks more real than heavily staged marketing","Top-of-page monthly rate and August-specific availability were not exposed cleanly in retrieved content; Cove itself notes that actual room condition can vary slightly from the photos","Provisional comparison score only. Human review required before ranking.","Provisional comparison only until unresolved hard filters are closed."
"cove-foch-1038","session_2026_05_31_initial_research","batch_2026_05_31_cove_phase2","2026-05-31","2026-05-31","phase6_scored_provisional","hard_filter_tbd","review_only_hard_filter_tbd","yes","medium","0","3","73","88","83","0","73","5","7","15","20","17","9","Large private studio with exact listing URL and strong room basics; exact-room photography looks more real than heavily staged marketing","Top-of-page monthly rate and August-specific availability were not exposed cleanly in retrieved content; Cove itself notes that actual room condition can vary slightly from the photos","Provisional comparison score only. Human review required before ranking.","Provisional comparison only until unresolved hard filters are closed."
"cove-foch-1057","session_2026_05_31_initial_research","batch_2026_05_31_cove_phase2","2026-05-31","2026-05-31","phase6_scored_provisional","hard_filter_tbd","review_only_hard_filter_tbd","yes","medium","0","3","73","88","83","0","73","5","7","15","20","17","9","Central private studio with exact listing URL and strong room basics; exact-room photography looks more real than heavily staged marketing","Top-of-page monthly rate and August-specific availability were not exposed cleanly in retrieved content; Cove itself notes that actual room condition can vary slightly from the photos","Provisional comparison score only. Human review required before ranking.","Provisional comparison only until unresolved hard filters are closed."
"cove-bayron-2268","session_2026_05_31_initial_research","batch_2026_05_31_cove_phase2","2026-05-31","2026-05-31","phase6_scored_provisional","hard_filter_tbd","review_only_hard_filter_tbd","yes","medium","0","3","64","88","72.7","0","64","3","7","15","13","17","9","Central SMU-tagged room with exact listing URL and strong room basics; exact-room photography looks more real than heavily staged marketing","Top-of-page monthly rate and exact availability for this specific room were not exposed cleanly in retrieved content; shared-bath or shared-area finish looks more functional than premium and can vary by building","Provisional comparison score only. Confirm the live monthly price and August move-in date for this exact room","Provisional comparison only until unresolved hard filters are closed."
"cove-bayron-2466","session_2026_05_31_initial_research","batch_2026_05_31_cove_phase2","2026-05-31","2026-05-31","phase6_scored_provisional","hard_filter_tbd","review_only_hard_filter_tbd","yes","medium","0","3","70","88","79.5","0","70","4","7","15","18","17","9","Central SMU-tagged ensuite with exact listing URL; exact-room photography looks more real than heavily staged marketing","Top-of-page monthly rate and exact availability for this specific room were not exposed cleanly in retrieved content; Cove itself notes that actual room condition can vary slightly from the photos","Provisional comparison score only. Confirm the live monthly price and August move-in date for this exact room","Provisional comparison only until unresolved hard filters are closed."
"cove-bayron-2719","session_2026_05_31_initial_research","batch_2026_05_31_cove_phase2","2026-05-31","2026-05-31","phase6_scored_provisional","hard_filter_tbd","review_only_hard_filter_tbd","yes","medium","0","3","64","88","72.7","0","64","3","7","15","13","17","9","Central SMU-tagged room with exact listing URL and queen bed; exact-room photography looks more real than heavily staged marketing","Top-of-page monthly rate and exact availability for this specific room were not exposed cleanly in retrieved content; shared-bath or shared-area finish looks more functional than premium and can vary by building","Provisional comparison score only. Confirm the live monthly price and August move-in date for this exact room","Provisional comparison only until unresolved hard filters are closed."
"cove-bayron-2649","session_2026_05_31_initial_research","batch_2026_05_31_cove_phase2","2026-05-31","2026-05-31","phase6_scored_provisional","hard_filter_tbd","review_only_hard_filter_tbd","yes","medium","0","3","64","88","72.7","0","64","3","7","15","13","17","9","Central SMU-tagged room with exact listing URL and strong room basics; exact-room photography looks more real than heavily staged marketing","Top-of-page monthly rate and exact availability for this specific room were not exposed cleanly in retrieved content; shared-bath or shared-area finish looks more functional than premium and can vary by building","Provisional comparison score only. Confirm the live monthly price and August move-in date for this exact room","Provisional comparison only until unresolved hard filters are closed."
"cove-kinta-1170","session_2026_05_31_initial_research","batch_2026_05_31_cove_phase2","2026-05-31","2026-05-31","phase6_scored_provisional","hard_filter_tbd","review_only_hard_filter_tbd","yes","medium","0","3","70","88","79.5","0","70","4","7","15","18","17","9","Private ensuite room with exact listing URL and strong student-oriented signals; exact-room photography looks more real than heavily staged marketing","Top-of-page monthly rate and exact availability for this specific room were not exposed cleanly in retrieved content; Cove itself notes that actual room condition can vary slightly from the photos","Provisional comparison score only. Confirm the live monthly price and August move-in date for this exact room","Provisional comparison only until unresolved hard filters are closed."
"cove-samkiang-3155","session_2026_05_31_initial_research","batch_2026_05_31_cove_phase2","2026-05-31","2026-05-31","phase6_scored_provisional","hard_filter_tbd","review_only_hard_filter_tbd","yes","medium","0","2","68","98","69.4","0","68","3","11","15","13","17","9","Large private room with exact listing URL and strong daylight evidence; exact-room photography looks more real than heavily staged marketing","Exact live availability for August is unclear because the page mainly surfaced other room availability blocks; shared-bath or shared-area finish looks more functional than premium and can vary by building","Provisional comparison score only. Confirm the live August move-in date and full fee breakdown for this exact room","Provisional comparison only until unresolved hard filters are closed."
"cove-samkiang-3157","session_2026_05_31_initial_research","batch_2026_05_31_cove_phase2","2026-05-31","2026-05-31","phase6_scored_provisional","hard_filter_tbd","review_only_hard_filter_tbd","yes","medium","0","1","71","98","72.4","0","71","3","14","15","13","17","9","Central private room with exact listing URL, queen bed, desk, and strong natural-light evidence; exact-room photography looks more real than heavily staged marketing","Utilities inclusion and August-specific availability reconfirmation remain unverified; shared-bath or shared-area finish looks more functional than premium and can vary by building","Provisional comparison score only. Confirm whether this exact room is still available for the semester dates and request the full fee breakdown","Provisional comparison only until unresolved hard filters are closed."
"cove-hootkiam-476","session_2026_05_31_initial_research","batch_2026_05_31_cove_phase2","2026-05-31","2026-05-31","phase6_scored_provisional","hard_filter_tbd","review_only_hard_filter_tbd","yes","medium","0","1","76","98","77.6","0","76","4","11","17","18","17","9","Highly central ensuite room with exact listing URL and strong profile fit; exact-room photography looks more real than heavily staged marketing","Utilities inclusion and August-specific availability reconfirmation remain unverified; Cove itself notes that actual room condition can vary slightly from the photos","Provisional comparison score only. Human review required before ranking.","Provisional comparison only until unresolved hard filters are closed."
"cove-hootkiam-907","session_2026_05_31_initial_research","batch_2026_05_31_cove_phase2","2026-05-31","2026-05-31","phase6_scored_provisional","hard_filter_tbd","review_only_hard_filter_tbd","yes","medium","0","1","74","98","75.5","0","74","3","17","15","13","17","9","Lower-cost central private room with exact listing URL and good basics; exact-room photography looks more real than heavily staged marketing","Utilities inclusion and August-specific availability reconfirmation remain unverified; shared-bath or shared-area finish looks more functional than premium and can vary by building","Provisional comparison score only. Confirm whether this exact room is still available for the semester dates and request the full fee breakdown","Provisional comparison only until unresolved hard filters are closed."
"cove-regency-3108","session_2026_05_31_initial_research","batch_2026_05_31_cove_phase2","2026-05-31","2026-05-31","phase6_scored_provisional","hard_filter_tbd","review_only_hard_filter_tbd","yes","medium","0","2","74","98","75.5","0","74","3","17","15","13","17","9","Lower-cost central private room with exact listing URL and strong room basics; exact-room photography looks more real than heavily staged marketing","Exact live availability date, utilities inclusion, and August-specific availability remain unverified; shared-bath or shared-area finish looks more functional than premium and can vary by building","Provisional comparison score only. Confirm the live August move-in date and full fee breakdown for this exact room","Provisional comparison only until unresolved hard filters are closed."
"cove-gambier-3161","session_2026_05_31_initial_research","batch_2026_05_31_cove_phase2","2026-05-31","2026-05-31","phase6_scored_provisional","hard_filter_tbd","review_only_hard_filter_tbd","yes","medium","0","2","68","98","69.4","0","68","3","11","15","13","17","9","Central private room with exact listing URL and strong room basics; exact-room photography looks more real than heavily staged marketing","Exact live availability date, utilities inclusion, and August-specific availability remain unverified; shared-bath or shared-area finish looks more functional than premium and can vary by building","Provisional comparison score only. Confirm the live August move-in date and full fee breakdown for this exact room","Provisional comparison only until unresolved hard filters are closed."
"cove-regalia-3127","session_2026_05_31_initial_research","batch_2026_05_31_cove_phase2","2026-05-31","2026-05-31","phase6_scored_provisional","hard_filter_tbd","review_only_hard_filter_tbd","yes","medium","0","1","68","98","69.4","0","68","3","11","15","13","17","9","Central private room with exact listing URL, queen bed, desk, and strong daylight evidence; exact-room photography looks more real than heavily staged marketing","Utilities inclusion and August-specific availability reconfirmation remain unverified; shared-bath or shared-area finish looks more functional than premium and can vary by building","Provisional comparison score only. Confirm whether this exact room is still available for the semester dates and request the full fee breakdown","Provisional comparison only until unresolved hard filters are closed."
"cove-niven-910","session_2026_05_31_initial_research","batch_2026_05_31_cove_phase2","2026-05-31","2026-05-31","phase6_scored_provisional","hard_filter_tbd","review_only_hard_filter_tbd","yes","medium","0","3","73","88","83","0","73","4","7","18","18","17","9","Highly central exact room page with very strong room basics; exact-room photography looks more real than heavily staged marketing","The retrievable page did not expose a clean current monthly rate or August-specific availability for this exact unit; Cove itself notes that actual room condition can vary slightly from the photos","Provisional comparison score only. Human review required before ranking.","Provisional comparison only until unresolved hard filters are closed."
"cove-hootkiam-3146","session_2026_05_31_initial_research","batch_2026_05_31_cove_phase2","2026-05-31","2026-05-31","phase6_scored_provisional","hard_filter_tbd","review_only_hard_filter_tbd","yes","medium","0","2","70","88","79.5","0","70","4","7","15","18","17","9","Large exact ensuite room in a central River Valley location; exact-room photography looks more real than heavily staged marketing","Current monthly rate was not exposed cleanly on the retrievable exact page; utilities inclusion remains unverified; Cove itself notes that actual room condition can vary slightly from the photos","Provisional comparison score only. Confirm the live monthly rate and August move-in date for this exact room","Provisional comparison only until unresolved hard filters are closed."
"cove-hootkiam-3147","session_2026_05_31_initial_research","batch_2026_05_31_cove_phase2","2026-05-31","2026-05-31","phase6_scored_provisional","hard_filter_tbd","review_only_hard_filter_tbd","yes","medium","0","1","74","98","75.5","0","74","4","11","15","18","17","9","Exact central ensuite room at a lower price than the full master; exact-room photography looks more real than heavily staged marketing","Utilities inclusion and August-specific availability reconfirmation remain unverified; Cove itself notes that actual room condition can vary slightly from the photos","Provisional comparison score only. Human review required before ranking.","Provisional comparison only until unresolved hard filters are closed."
"cove-regalia-3126","session_2026_05_31_initial_research","batch_2026_05_31_cove_phase2","2026-05-31","2026-05-31","phase6_scored_provisional","hard_filter_tbd","review_only_hard_filter_tbd","yes","medium","0","3","70","88","79.5","0","70","4","7","15","18","17","9","Large central ensuite room with strong natural-light evidence and exact URL; exact-room photography looks more real than heavily staged marketing","Current monthly rate and August-specific availability were not exposed cleanly on the retrievable exact page; Cove itself notes that actual room condition can vary slightly from the photos","Provisional comparison score only. Confirm the live monthly rate and August move-in date for this exact room","Provisional comparison only until unresolved hard filters are closed."
"cove-regalia-3130","session_2026_05_31_initial_research","batch_2026_05_31_cove_phase2","2026-05-31","2026-05-31","phase6_scored_provisional","hard_filter_tbd","review_only_hard_filter_tbd","yes","medium","0","3","70","88","79.5","0","70","4","7","15","18","17","9","Central exact ensuite room with strong room basics; exact-room photography looks more real than heavily staged marketing","Current monthly rate and August-specific availability were not exposed cleanly on the retrievable exact page; Cove itself notes that actual room condition can vary slightly from the photos","Provisional comparison score only. Confirm the live monthly rate and August move-in date for this exact room","Provisional comparison only until unresolved hard filters are closed."
"cove-regalia-3133","session_2026_05_31_initial_research","batch_2026_05_31_cove_phase2","2026-05-31","2026-05-31","phase6_scored_provisional","hard_filter_tbd","review_only_hard_filter_tbd","yes","medium","0","3","64","88","72.7","0","64","3","7","15","13","17","9","Lower-cost central private room with exact listing URL and strong daylight evidence; exact-room photography looks more real than heavily staged marketing","Current monthly rate and August-specific availability were not exposed cleanly on the retrievable exact page; shared-bath or shared-area finish looks more functional than premium and can vary by building","Provisional comparison score only. Confirm the live monthly rate and August move-in date for this exact room","Provisional comparison only until unresolved hard filters are closed."
"bsh-single-room","session_2026_05_31_initial_research","batch_2026_05_31_initial_pack_phase2","2026-05-31","2026-05-31","phase6_scored_failed","hard_filter_failed","not_rankable_hard_filter_failed","unknown","unknown","1","4","34","75","45.3","0","34","0","3","9","13","4","5","hostel visuals suggest a simple no-frills student setup","older or generic photos make desk, window, and actual room spaciousness hard to trust; exact room deep link was not exposed publicly, so the row stores the most specific public page plus an explicit note","","Reference only unless user explicitly wants over-budget or failed-filter options kept in view."
"tap-veerasamy-single","session_2026_05_31_initial_research","batch_2026_05_31_initial_pack_phase2","2026-05-31","2026-05-31","phase6_scored_failed","hard_filter_failed","not_rankable_hard_filter_failed","unknown","medium","1","3","69","96","71.9","0","69","0","11","14","20","15","9","clean hotel-style finish and coherent recent-condition photos","compact hotel-like layout leaves limited spare floor space beyond the bed and desk","","Reference only unless user explicitly wants over-budget or failed-filter options kept in view."
"tap-veerasamy-queen-windowless","session_2026_05_31_initial_research","batch_2026_05_31_initial_pack_phase2","2026-05-31","2026-05-31","phase6_scored_failed","hard_filter_failed","not_rankable_hard_filter_failed","unknown","medium","1","3","68","96","70.8","0","68","4","8","14","17","16","9","clean hotel-style finish and tidy ensuite from the visible gallery","windowless layout means little to no daylight and a more enclosed room feel","","Reference only unless user explicitly wants over-budget or failed-filter options kept in view."
"tap-veerasamy-queen-deluxe","session_2026_05_31_initial_research","batch_2026_05_31_initial_pack_phase2","2026-05-31","2026-05-31","phase6_scored_failed","hard_filter_failed","not_rankable_hard_filter_failed","unknown","medium","1","3","71","96","74","0","71","4","8","14","20","16","9","clean hotel-style finish and coherent recent-condition photos","gallery leans polished and property-wide, so exact room spaciousness is still somewhat hard to judge","","Reference only unless user explicitly wants over-budget or failed-filter options kept in view."
"sophia-view-tap-luxe","session_2026_05_31_initial_research","batch_2026_05_31_initial_pack_phase2","2026-05-31","2026-05-31","phase6_scored_failed","hard_filter_failed","not_rankable_hard_filter_failed","unknown","medium","1","3","77","96","80.2","0","77","4","8","19","20","17","9","clean modern visuals with better bathroom finish and stronger overall room feel","gallery looks polished and partly generic, so exact-room photo consistency is not perfect","","Reference only unless user explicitly wants over-budget or failed-filter options kept in view."
"wilkie-60-tap-luxe","session_2026_05_31_initial_research","batch_2026_05_31_initial_pack_phase2","2026-05-31","2026-05-31","phase6_scored_failed","hard_filter_failed","not_rankable_hard_filter_failed","unknown","medium","1","3","77","96","80.2","0","77","4","8","19","20","17","9","clean modern visuals with better bathroom finish and stronger overall room feel","gallery looks polished and partly generic, so exact-room photo consistency is not perfect","","Reference only unless user explicitly wants over-budget or failed-filter options kept in view."
"keystone-farrer-standard","session_2026_05_31_initial_research","batch_2026_05_31_initial_pack_phase2","2026-05-31","2026-05-31","phase6_scored_failed","hard_filter_failed","not_rankable_hard_filter_failed","unknown","medium","1","4","61","82","74.4","0","61","4","12","0","20","15","10","clean serviced-room feel and generally maintained finishes","gallery mixes room and neighborhood shots, so exact-room visual confidence is only moderate","","Reference only unless user explicitly wants over-budget or failed-filter options kept in view."
"keystone-farrer-xl","session_2026_05_31_initial_research","batch_2026_05_31_initial_pack_phase2","2026-05-31","2026-05-31","phase6_scored_failed","hard_filter_failed","not_rankable_hard_filter_failed","unknown","medium","1","4","61","82","74.4","0","61","4","12","0","20","15","10","clean serviced-room feel with the most plausible spare floor space in the Keystone set","gallery mixes room and neighborhood shots, so exact-room visual confidence is only moderate","","Reference only unless user explicitly wants over-budget or failed-filter options kept in view."
"bencoolen-house-tap-luxe","session_2026_05_31_initial_research","batch_2026_05_31_initial_pack_phase2","2026-05-31","2026-05-31","phase6_scored_failed","hard_filter_failed","not_rankable_hard_filter_failed","unknown","medium","1","3","78","96","81.2","0","78","4","8","20","20","17","9","clean modern visuals with better bathroom finish and stronger overall room feel","gallery looks polished and partly generic, so exact-room photo consistency is not perfect","","Reference only unless user explicitly wants over-budget or failed-filter options kept in view."
"jalan-besar-140-luxe","session_2026_05_31_initial_research","batch_2026_05_31_initial_pack_phase2","2026-05-31","2026-05-31","phase6_scored_failed","hard_filter_failed","not_rankable_hard_filter_failed","unknown","medium","1","3","69","87","79.3","0","69","3","8","20","12","17","9","clean modern visuals with better bathroom finish and stronger overall room feel","gallery looks polished and partly generic, so exact-room photo consistency is not perfect","","Reference only unless user explicitly wants over-budget or failed-filter options kept in view."
"the-centren-luxe","session_2026_05_31_initial_research","batch_2026_05_31_initial_pack_phase2","2026-05-31","2026-05-31","phase6_scored_failed","hard_filter_failed","not_rankable_hard_filter_failed","unknown","medium","1","3","56","76","73.7","0","56","4","7","0","20","17","8","clean modern visuals with better bathroom finish and stronger overall room feel","gallery looks polished and partly generic, so exact-room photo consistency is not perfect","","Reference only unless user explicitly wants over-budget or failed-filter options kept in view."
"tank-road-3-luxe","session_2026_05_31_initial_research","batch_2026_05_31_initial_pack_phase2","2026-05-31","2026-05-31","phase6_scored_failed","hard_filter_failed","not_rankable_hard_filter_failed","unknown","medium","1","2","57","76","75","0","57","4","8","0","20","16","9","clean modern visuals with better bathroom finish and stronger overall room feel","gallery looks polished and partly generic, so exact-room photo consistency is not perfect","","Reference only unless user explicitly wants over-budget or failed-filter options kept in view."
"cove-niven-915","session_2026_05_31_initial_research","batch_2026_05_31_cove_phase2","2026-05-31","2026-05-31","phase6_scored_failed","hard_filter_failed","not_rankable_hard_filter_failed","yes","medium","1","1","72","84","85.7","0","72","4","7","19","21","13","8","Very central private room with strong room basics and exact listing URL; exact-room photography looks more real than heavily staged marketing","Utilities inclusion, guest policy details, and August-specific availability reconfirmation remain unverified; Cove itself notes that actual room condition can vary slightly from the photos","Confirm whether this exact room is still available for an August 9 move-in and request the full fee and utilities breakdown","Reference only unless user explicitly wants over-budget or failed-filter options kept in view."
"cove-uesquare-3114","session_2026_05_31_initial_research","batch_2026_05_31_cove_phase2","2026-05-31","2026-05-31","phase6_scored_failed","hard_filter_failed","not_rankable_hard_filter_failed","yes","medium","1","2","69","84","82.1","0","69","4","7","16","21","13","8","Large central ensuite room with exact listing URL and strong natural-light evidence; exact-room photography looks more real than heavily staged marketing","Currently shown as booked on the property page; utilities inclusion and August-specific availability remain unverified; Cove itself notes that actual room condition can vary slightly from the photos","Check whether this exact room reopens by August and request the full fee and utilities breakdown","Reference only unless user explicitly wants over-budget or failed-filter options kept in view."
"cove-uesquare-3118","session_2026_05_31_initial_research","batch_2026_05_31_cove_phase2","2026-05-31","2026-05-31","phase6_scored_failed","hard_filter_failed","not_rankable_hard_filter_failed","yes","medium","1","2","69","84","82.1","0","69","4","7","16","21","13","8","Large central ensuite room with exact listing URL and strong room basics; exact-room photography looks more real than heavily staged marketing","Currently shown as booked on the property page; utilities inclusion and August-specific availability remain unverified; Cove itself notes that actual room condition can vary slightly from the photos","Check whether this exact room reopens by August and request the full fee and utilities breakdown","Reference only unless user explicitly wants over-budget or failed-filter options kept in view."
"cove-regency-3106","session_2026_05_31_initial_research","batch_2026_05_31_cove_phase2","2026-05-31","2026-05-31","phase6_scored_failed","hard_filter_failed","not_rankable_hard_filter_failed","yes","medium","1","2","69","84","82.1","0","69","4","7","16","21","13","8","Large central ensuite room with exact listing URL and strong room quality; exact-room photography looks more real than heavily staged marketing","Exact live availability date, utilities inclusion, and August-specific availability remain unverified; Cove itself notes that actual room condition can vary slightly from the photos","Confirm the live August move-in date and full fee breakdown for this exact room","Reference only unless user explicitly wants over-budget or failed-filter options kept in view."
