"listing_id","session_id","batch_id","created_at","updated_at","last_reviewed_at","phase_state","source_name","source_status","listing_name","exact_listing_url","listing_url_quality","address","neighborhood","housing_type","room_type","bed_type","bathroom_setup","displayed_currency","displayed_monthly_rent","normalized_monthly_rent_sgd","normalized_monthly_rent_usd","normalized_total_all_in_sgd","normalized_total_all_in_usd","fx_rate_sgd_to_usd","fx_rate_date","deposit_months","deposit_sgd","deposit_usd","utilities_included","hidden_fees_note","availability_start","availability_end","semester_stay_acceptance","student_pass_acceptance","private_room","bed_bigger_than_single","desk_in_room","aircon_in_room","aircon_in_apartment","fan_in_room","window_count","natural_light_quality","laundry_access","kitchen_access","guest_policy","landlord_lives_on_site","mixed_gender_ok","student_friendly","condition_summary","commute_minutes_to_smu","commute_mode","nearest_mrt_or_bus","evidence_quality"
"bsh-vip-room","session_2026_05_31_initial_research","batch_2026_05_31_initial_pack_phase2","2026-05-31","2026-05-31","2026-05-31","phase6_scored_provisional","Balestier Students' Hostel","approved","VIP Room","https://bshostel.com/room/vip-room/","exact_or_best_public_room_page","12 Boon Teck Rd, #02-02 Shaw Corner, Singapore 329586","Balestier","student_hostel","private room","unknown","unknown","SGD","1900","1900","1484.38",,,"0.78125","2026-06-02","1","1900","1484.38","yes","One-time registration fee S$200; optional guardianship S$400/month","","","yes; site says minimum stay 3 months and payment can be calculated for excess days","yes","yes","unknown","yes","yes","","",,"yes","yes","Microwave and boiling water only; no cooking allowed","not disclosed publicly on listing page","unknown","unknown","yes","Photo evidence looks thin and partly generic, but the VIP setup appears more functional than polished, with basic hostel-style finishes and likely better floor area than the smaller BSH rooms.","30","bus","unknown","unknown"
"bsh-mini-single-room","session_2026_05_31_initial_research","batch_2026_05_31_initial_pack_phase2","2026-05-31","2026-05-31","2026-05-31","phase6_scored_provisional","Balestier Students' Hostel","approved","Mini Single Room","https://www.legacy.bshostel.com/ | exact mini single room deep link not exposed on the public site","best_public_non_exact","12 Boon Teck Rd, #02-02 Shaw Corner, Singapore 329586","Balestier","student_hostel","private room","unknown","shared bathroom likely","unknown",,,,,,"0.78125","2026-06-02",,,,"unknown","Current-site listing not captured; deposit and registration fee not independently verified for this room","","","likely yes; legacy site lists room for JC and Uni students and hostel-wide current VIP terms use 3-month minimum","yes","yes","unknown","unknown","yes","","",,"yes","unknown","unknown","not disclosed publicly on listing page","unknown","unknown","yes","Visual evidence is sparse and partly legacy, pointing to a basic student-hostel fit-out with likely tight floor space and weaker photo consistency than the newer operator listings.","30","bus","unknown","unknown"
"sophia-view-tap-lite","session_2026_05_31_initial_research","batch_2026_05_31_initial_pack_phase2","2026-05-31","2026-05-31","2026-05-31","phase6_scored_provisional","Sophia View by The Assembly Place","approved","TAP Lite","https://www.theassemblyplace.com/properties/sophia-view/","exact_or_best_public_room_page","108 Sophia Road, Singapore 228173","Rochor / Dhoby Ghaut","coliving_operator","private room","Queen Bed","shared bathroom","SGD","1950","1950","1523.44","1950","1523.44","0.78125","2026-06-02",,,,"yes","Deposit, admin fee, stamp duty, and move-out or other non-refundable charges are not disclosed on the property page","2026-06-07","","yes; property page states 3 Months Flexible Lease","yes","yes","yes","yes","yes","","",,"yes","yes","yes","not disclosed publicly on listing page","unknown","unknown","yes","Property photos look polished and recently maintained, with a hotel-like co-living feel; the likely tradeoff is compact usable floor space and only moderate confidence that every image is from the exact room type.","12","walk","Dhoby Ghaut MRT","medium"
"keystone-farrer-compact","session_2026_05_31_initial_research","batch_2026_05_31_initial_pack_phase2","2026-05-31","2026-05-31","2026-05-31","phase6_scored_provisional","Keystone Farrer Park by Homestead","approved","Compact","https://www.thekeystone.sg/farrerpark","exact_or_best_public_room_page","118 Race Course Road, Singapore 218581","Farrer Park / Little India","serviced_residence","private room","Queen Bed","ensuite bathroom","SGD","1705","1705","1332.03","1705","1332.03","0.78125","2026-06-02",,"2000","1562.5","yes","Terms page states S$2,000 security deposit and S$200 admin fee for Farrer Park and Lavender; GST may apply","","","yes; source positions it for long-term serviced apartment and student accommodation use","yes","yes","yes","yes","yes","","",,"yes","yes","Shared kitchen / pantry access only; no in-room kitchen","not disclosed publicly on listing page","unknown","unknown","yes","The available visuals suggest a clean serviced-room product, but the gallery mixes room, facade, and neighborhood imagery; at 13 sqm this tier is likely tidy but tight for luggage and long study sessions.",,"unknown","Farrer Park MRT","medium"
"bencoolen-house-tap-lite","session_2026_05_31_initial_research","batch_2026_05_31_initial_pack_phase2","2026-05-31","2026-05-31","2026-05-31","phase6_scored_provisional","The Assembly Place","approved","TAP Lite","https://www.theassemblyplace.com/properties/bencoolen-house/","exact_or_best_public_room_page","27 Bencoolen Street, Singapore 189620","Rochor / Bencoolen","coliving_operator","private room","Queen Bed","shared bathroom likely","SGD","1700","1700","1328.12","1700","1328.12","0.78125","2026-06-02",,,,"yes","Operator FAQ-level fees like deposit, admin fee, stamp duty, and move-out fee are not disclosed on this property page","2026-07-01","","yes; property page states 3 Months Flexible Lease","yes","yes","yes","yes","yes","","",,"yes","yes","yes","not disclosed publicly on listing page","unknown","unknown","yes","Property photos look polished and recently maintained, with a hotel-like co-living feel; the likely tradeoff is compact usable floor space and only moderate confidence that every image is from the exact room type.","1","walk","Bencoolen MRT","medium"
"jalan-besar-138-lite","session_2026_05_31_initial_research","batch_2026_05_31_initial_pack_phase2","2026-05-31","2026-05-31","2026-05-31","phase6_scored_provisional","The Assembly Place","approved","TAP Lite","https://www.theassemblyplace.com/properties/138-jalan-besar/","exact_or_best_public_room_page","138 Jalan Besar, Singapore","Jalan Besar / Rochor","coliving_operator","private room","Queen Bed","unknown","SGD","1500","1500","1171.88","1500","1171.88","0.78125","2026-06-02",,,,"yes","Operator FAQ-level fees like deposit, admin fee, stamp duty, and move-out fee are not disclosed on this property page","","","yes; property page states 3 Months Flexible Lease","yes","yes","yes","yes","yes","","",,"yes","yes","Bar fridge only shown at room level; shared full kitchen listed in property benefits","not disclosed publicly on listing page","unknown","unknown","yes","Property photos look polished and recently maintained, with a hotel-like co-living feel; the likely tradeoff is compact usable floor space and only moderate confidence that every image is from the exact room type.","5","walk","Jalan Besar MRT","medium"
"jalan-besar-138-luxe","session_2026_05_31_initial_research","batch_2026_05_31_initial_pack_phase2","2026-05-31","2026-05-31","2026-05-31","phase6_scored_provisional","The Assembly Place","approved","TAP Luxe","https://www.theassemblyplace.com/properties/138-jalan-besar/","exact_or_best_public_room_page","138 Jalan Besar, Singapore","Jalan Besar / Rochor","coliving_operator","private room","Queen Bed","ensuite bathroom","SGD","1950","1950","1523.44","1950","1523.44","0.78125","2026-06-02",,,,"yes","Operator FAQ-level fees like deposit, admin fee, stamp duty, and move-out fee are not disclosed on this property page","2026-03-27","","yes; property page states 3 Months Flexible Lease","yes","yes","yes","yes","yes","","",,"yes","yes","Bar fridge only shown at room level; shared full kitchen listed in property benefits","not disclosed publicly on listing page","unknown","unknown","yes","Property photos look polished and recently maintained, with clean bathrooms and a stronger premium feel than the Lite tiers, though the rooms still read as compact rather than expansive.","5","walk","Jalan Besar MRT","medium"
"jalan-besar-140-lite","session_2026_05_31_initial_research","batch_2026_05_31_initial_pack_phase2","2026-05-31","2026-05-31","2026-05-31","phase6_scored_provisional","The Assembly Place","approved","TAP Lite","https://www.theassemblyplace.com/properties/140-jalan-besar/","exact_or_best_public_room_page","140 Jalan Besar, Singapore","Jalan Besar / Rochor","coliving_operator","private room","Queen Bed","ensuite bathroom","SGD","1950","1950","1523.44","1950","1523.44","0.78125","2026-06-02",,,,"yes","Operator FAQ-level fees like deposit, admin fee, stamp duty, and move-out fee are not disclosed on this property page","2026-03-26","","yes; property page states 3 Months Flexible Lease","yes","yes","yes","yes","yes","","",,"yes","yes","Bar fridge only shown at room level; shared full kitchen listed in property benefits","not disclosed publicly on listing page","unknown","unknown","yes","Property photos look polished and recently maintained, with a hotel-like co-living feel; the likely tradeoff is compact usable floor space and only moderate confidence that every image is from the exact room type.","5","walk","Jalan Besar MRT","medium"
"horne-road-64-lite","session_2026_05_31_initial_research","batch_2026_05_31_initial_pack_phase2","2026-05-31","2026-05-31","2026-05-31","phase6_scored_provisional","The Assembly Place","approved","TAP Lite","https://www.theassemblyplace.com/properties/64-horne-road/","exact_or_best_public_room_page","64 Horne Road, Singapore 209072","Rochor / Lavender","coliving_operator","private room","Queen Bed","unknown","SGD","1750","1750","1367.19","1750","1367.19","0.78125","2026-06-02",,,,"yes","Operator FAQ-level fees like deposit, admin fee, stamp duty, and move-out fee are not disclosed on this property page","","","yes; property page states 3 Months Flexible Lease","yes","yes","yes","yes","yes","","",,"yes","yes","yes","not disclosed publicly on listing page","unknown","unknown","yes","Property photos look polished and recently maintained, with a hotel-like co-living feel; the likely tradeoff is compact usable floor space and only moderate confidence that every image is from the exact room type.",,"unknown","Lavender MRT / Bendemeer MRT","medium"
"dunlop-79a-lite","session_2026_05_31_initial_research","batch_2026_05_31_initial_pack_phase2","2026-05-31","2026-05-31","2026-05-31","phase6_scored_provisional","The Assembly Place","approved","TAP Lite","https://www.theassemblyplace.com/properties/79a-dunlop-street/","exact_or_best_public_room_page","79A Dunlop Street, Singapore 209406","Rochor / Little India","coliving_operator","private room","Single or Queen Bed","unknown","SGD","1400","1400","1093.75","1400","1093.75","0.78125","2026-06-02",,,,"yes","Operator FAQ-level fees like deposit, admin fee, stamp duty, and move-out fee are not disclosed on this property page","","","yes; property page states 3 Months Flexible Lease","yes","yes","unknown","yes","yes","","",,"yes","yes","yes","not disclosed publicly on listing page","unknown","unknown","yes","Property photos look polished and recently maintained, with a hotel-like co-living feel; the likely tradeoff is compact usable floor space and only moderate confidence that every image is from the exact room type.",,"unknown","Rochor MRT","medium"
"the-centren-lite-queen","session_2026_05_31_initial_research","batch_2026_05_31_initial_pack_phase2","2026-05-31","2026-05-31","2026-05-31","phase6_scored_provisional","The Assembly Place","approved","TAP Lite","https://www.theassemblyplace.com/properties/the-centren/","exact_or_best_public_room_page","The Centren, Singapore","Aljunied / Geylang","coliving_operator","private room","Queen Bed","unknown","SGD","1800","1800","1406.25","1800","1406.25","0.78125","2026-06-02",,,,"yes","Operator notes say monthly membership is all-inclusive; separate fee breakdown still not disclosed on the page","","","yes; property page states 3 Months Flexible Lease","yes","yes","yes","yes","yes","","",,"yes","yes","yes","not disclosed publicly on listing page","unknown","unknown","yes","Property photos look polished and recently maintained, with a hotel-like co-living feel; the likely tradeoff is compact usable floor space and only moderate confidence that every image is from the exact room type.",,"unknown","Aljunied MRT","medium"
"lyf-bugis-nano-queen","session_2026_05_31_initial_research","batch_2026_05_31_initial_pack_phase2","2026-05-31","2026-05-31","2026-05-31","phase6_scored_provisional","lyf","approved","Nano Queen","https://www.discoverasr.com/en/lyf/singapore/lyf-bugis-singapore/nano-queen","exact_or_best_public_room_page","200 Middle Road, Singapore 188980","Bugis / Bencoolen","apartment_hotel","private room","Queen Bed","ensuite bathroom","unknown",,,,,,"0.78125","2026-06-02",,,,"unknown","Public page did not show a rate in retrieved content; final long-stay pricing and any taxes or fees remain unknown","","","yes","yes","yes","yes","yes","","","unknown",,"unknown","unknown","unknown","not disclosed publicly on listing page","unknown","yes","Deep room page shows private ensuite room with queen bed and desk; central Bencoolen/Bugis location is strongly aligned with SMU access","Official branded room photography suggests clean hotel-grade maintenance and a credible ensuite, but the Nano tier is likely very compact with limited spare floor area beyond the bed and circulation.",,"walk","Bencoolen MRT","medium"
"lyf-bugis-one-of-a-kind","session_2026_05_31_initial_research","batch_2026_05_31_initial_pack_phase2","2026-05-31","2026-05-31","2026-05-31","phase6_scored_provisional","lyf","approved","One of A Kind (Studio)","https://www.discoverasr.com/en/lyf/singapore/lyf-bugis-singapore/one-of-a-kind-studio","exact_or_best_public_room_page","200 Middle Road, Singapore 188980","Bugis / Bencoolen","apartment_hotel","private room","King Bed","ensuite bathroom","unknown",,,,,,"0.78125","2026-06-02",,,,"unknown","Public page did not show a rate in retrieved content; final long-stay pricing and any taxes or fees remain unknown","","","yes","yes","yes","yes","yes","","","unknown",,"unknown","unknown","unknown","not disclosed publicly on listing page","unknown","yes","Deep room page shows private studio with king bed, private bathroom, Smart TV, mini fridge, desk, and chair","Official branded room photography suggests clean hotel-grade maintenance and a credible self-contained layout, though the visuals are heavily staged and may overstate spaciousness.",,"walk","Bencoolen MRT","medium"
"lyf-bugis-one-of-a-kind-plus","session_2026_05_31_initial_research","batch_2026_05_31_initial_pack_phase2","2026-05-31","2026-05-31","2026-05-31","phase6_scored_provisional","lyf","approved","One of A Kind Plus (Studio Premier)","https://www.discoverasr.com/en/lyf/singapore/lyf-bugis-singapore/one-of-a-kind-plus-studio-premier","exact_or_best_public_room_page","200 Middle Road, Singapore 188980","Bugis / Bencoolen","apartment_hotel","private room","King Bed","ensuite bathroom","unknown",,,,,,"0.78125","2026-06-02",,,,"unknown","Public page did not show a rate in retrieved content; final long-stay pricing and any taxes or fees remain unknown","","","yes","yes","yes","yes","yes","","","unknown",,"unknown","unknown","unknown","not disclosed publicly on listing page","unknown","yes","Deep room page shows larger private studio with king bed, deluxe bathroom, desk, chair, mini fridge, and large TV","Official branded room photography suggests clean hotel-grade maintenance and a more comfortable self-contained layout than the smallest tiers, though the visuals are heavily staged and exact daylight still depends on orientation.",,"walk","Bencoolen MRT","medium"
"lyf-farrer-one-of-a-kind","session_2026_05_31_initial_research","batch_2026_05_31_initial_pack_phase2","2026-05-31","2026-05-31","2026-05-31","phase6_scored_provisional","lyf","approved","One of A Kind (Studio)","https://www.discoverasr.com/en/lyf/singapore/lyf-farrer-park-singapore/one-of-a-kind-studio","exact_or_best_public_room_page","2 Perumal Road, #01-01, Singapore 218773","Farrer Park","apartment_hotel","private room","Queen Bed","ensuite bathroom","unknown",,,,,,"0.78125","2026-06-02",,,,"unknown","Public page did not show a rate in retrieved content; final long-stay pricing and any taxes or fees remain unknown","","","yes","yes","yes","yes","yes","","","unknown",,"Fully-equipped social kitchen is listed at property level; room page shows kettle and crockery","unknown","unknown","not disclosed publicly on listing page","unknown","yes","Deep room page shows private studio with queen bed, private bathroom with separate shower, high-speed WiFi, mobile key access, and weekly housekeeping","Official branded room photography suggests clean hotel-grade maintenance and a credible self-contained layout, though the visuals are heavily staged and may overstate spaciousness.",,"public transport","Farrer Park MRT","medium"
"lyf-funan-one-of-a-kind","session_2026_05_31_initial_research","batch_2026_05_31_initial_pack_phase2","2026-05-31","2026-05-31","2026-05-31","phase6_scored_provisional","lyf","approved","One of a Kind (Studio)","https://www.discoverasr.com/en/lyf/singapore/lyf-funan-singapore | exact room deep link not exposed on the public page used for extraction","mixed_or_non_exact","67 Hill Street, #04-01, Singapore 179370","City Hall / Funan","apartment_hotel","private room","unknown","ensuite bathroom","unknown",,,,,,"0.78125","2026-06-02",,,,"unknown","Public page did not show a rate in retrieved content; final long-stay pricing and any taxes or fees remain unknown","","","yes","yes","unknown","yes","yes","","","unknown",,"unknown","unknown","unknown","not disclosed publicly on listing page","unknown","yes","Property page lists exact room type with max 2 pax and 18 sqm; property is next to City Hall MRT and in the CBD","Official branded room photography suggests clean hotel-grade maintenance and a credible self-contained layout, though the visuals are heavily staged and may overstate spaciousness.",,"walk","City Hall MRT","unknown"
"lyf-funan-one-of-a-kind-plus","session_2026_05_31_initial_research","batch_2026_05_31_initial_pack_phase2","2026-05-31","2026-05-31","2026-05-31","phase6_scored_provisional","lyf","approved","One of a Kind Plus (Studio)","https://www.discoverasr.com/en/lyf/singapore/lyf-funan-singapore/one-of-a-kind-plus-studio","exact_or_best_public_room_page","67 Hill Street, #04-01, Singapore 179370","City Hall / Funan","apartment_hotel","private room","Queen Bed","ensuite bathroom","unknown",,,,,,"0.78125","2026-06-02",,,,"unknown","Public page did not show a rate in retrieved content; final long-stay pricing and any taxes or fees remain unknown","","","yes","yes","yes","yes","yes","","","unknown",,"unknown","unknown","unknown","not disclosed publicly on listing page","unknown","yes","Deep room page shows queen bed, well-equipped kitchen, spacious dining area doubling as work desk, high-speed WiFi, Smart TV, and mobile key access","Official branded room photography suggests clean hotel-grade maintenance and a more comfortable self-contained layout than the smallest tiers, though the visuals are heavily staged and exact daylight still depends on orientation.",,"walk","City Hall MRT","medium"
"lyf-chinatown-nano-queen","session_2026_05_31_initial_research","batch_2026_05_31_initial_pack_phase2","2026-05-31","2026-05-31","2026-05-31","phase6_scored_provisional","lyf","approved","Nano Queen","https://www.discoverasr.com/en/lyf/singapore/lyf-chinatown-singapore | exact room deep link not exposed on the public page used for extraction","mixed_or_non_exact","25 Mosque Street #01-01, Singapore 059937","Chinatown","apartment_hotel","private room","Queen Bed","unknown","unknown",,,,,,"0.78125","2026-06-02",,,,"unknown","Public page did not show a rate in retrieved content; final long-stay pricing and any taxes or fees remain unknown","2026-07-03","","yes; property opens before the semester and supports stays of 30 nights and above with a 7-day cancellation window","yes","yes","yes","yes","yes","","",,"unknown","unknown","unknown","not disclosed publicly on listing page","unknown","unknown","yes","Official branded room photography suggests clean hotel-grade maintenance and a credible ensuite, but the Nano tier is likely very compact with limited spare floor area beyond the bed and circulation.",,"public transport","Chinatown MRT","unknown"
"lyf-chinatown-nano-queen-plus","session_2026_05_31_initial_research","batch_2026_05_31_initial_pack_phase2","2026-05-31","2026-05-31","2026-05-31","phase6_scored_provisional","lyf","approved","Nano Queen Plus","https://www.discoverasr.com/en/lyf/singapore/lyf-chinatown-singapore | exact room deep link not exposed on the public page used for extraction","mixed_or_non_exact","25 Mosque Street #01-01, Singapore 059937","Chinatown","apartment_hotel","private room","Queen Bed","unknown","unknown",,,,,,"0.78125","2026-06-02",,,,"unknown","Public page did not show a rate in retrieved content; final long-stay pricing and any taxes or fees remain unknown","2026-07-03","","yes; property opens before the semester and supports stays of 30 nights and above with a 7-day cancellation window","yes","yes","yes","yes","yes","","",,"unknown","unknown","unknown","not disclosed publicly on listing page","unknown","unknown","yes","Official branded room photography suggests clean hotel-grade maintenance and a credible ensuite, but the Nano tier is likely very compact with limited spare floor area beyond the bed and circulation.",,"public transport","Chinatown MRT","unknown"
"lyf-chinatown-one-of-a-kind","session_2026_05_31_initial_research","batch_2026_05_31_initial_pack_phase2","2026-05-31","2026-05-31","2026-05-31","phase6_scored_provisional","lyf","approved","One of A Kind","https://www.discoverasr.com/en/lyf/singapore/lyf-chinatown-singapore | exact room deep link not exposed on the public page used for extraction","mixed_or_non_exact","25 Mosque Street #01-01, Singapore 059937","Chinatown","apartment_hotel","private room","unknown","unknown","unknown",,,,,,"0.78125","2026-06-02",,,,"unknown","Public page did not show a rate in retrieved content; final long-stay pricing and any taxes or fees remain unknown","2026-07-03","","yes; property opens before the semester and supports stays of 30 nights and above with a 7-day cancellation window","yes","yes","unknown","yes","yes","","",,"unknown","unknown","unknown","not disclosed publicly on listing page","unknown","unknown","yes","Official branded room photography suggests clean hotel-grade maintenance and a credible self-contained layout, though the visuals are heavily staged and may overstate spaciousness.",,"public transport","Chinatown MRT","unknown"
"lyf-chinatown-one-of-a-kind-plus","session_2026_05_31_initial_research","batch_2026_05_31_initial_pack_phase2","2026-05-31","2026-05-31","2026-05-31","phase6_scored_provisional","lyf","approved","One of A Kind Plus","https://www.discoverasr.com/en/lyf/singapore/lyf-chinatown-singapore | exact room deep link not exposed on the public page used for extraction","mixed_or_non_exact","25 Mosque Street #01-01, Singapore 059937","Chinatown","apartment_hotel","private room","unknown","unknown","unknown",,,,,,"0.78125","2026-06-02",,,,"unknown","Public page did not show a rate in retrieved content; final long-stay pricing and any taxes or fees remain unknown","2026-07-03","","yes; property opens before the semester and supports stays of 30 nights and above with a 7-day cancellation window","yes","yes","unknown","yes","yes","","",,"unknown","unknown","unknown","not disclosed publicly on listing page","unknown","unknown","yes","Official branded room photography suggests clean hotel-grade maintenance and a more comfortable self-contained layout than the smallest tiers, though the visuals are heavily staged and exact daylight still depends on orientation.",,"public transport","Chinatown MRT","unknown"
"somerset-bencoolen-one-bedroom-deluxe","session_2026_05_31_initial_research","batch_2026_05_31_initial_pack_phase2","2026-05-31","2026-05-31","2026-05-31","phase6_scored_provisional","Somerset-Bencoolen (Ascotts)","approved","One-Bedroom Deluxe","https://www.discoverasr.com/en/somerset-serviced-residence/singapore/somerset-bencoolen-singapore/one-bedroom-deluxe","exact_or_best_public_room_page","51 Bencoolen Street, Singapore 189630","Bencoolen / Bras Basah","apartment_hotel","entire apartment","unknown","ensuite bathroom","unknown",,,,,,"0.78125","2026-06-02",,,,"unknown","9% GST applies; room-specific public rate was not surfaced in retrieved content","","","yes","yes","unknown","yes","yes","","","unknown",,"yes","unknown","unknown","not disclosed publicly on listing page","unknown","yes","Deep room URL exists; property page states fully-equipped kitchen, daily housekeeping except Sundays/public holidays, complimentary WiFi, and 1-minute walk to Bencoolen MRT","Serviced-apartment photography suggests a properly livable layout with the strongest floor-space story in the current set, plus cleaner bathroom and kitchen finishes than most room-only products.","8","walk","Bencoolen MRT","medium"
"somerset-bencoolen-one-bedroom-premier","session_2026_05_31_initial_research","batch_2026_05_31_initial_pack_phase2","2026-05-31","2026-05-31","2026-05-31","phase6_scored_provisional","Somerset-Bencoolen (Ascotts)","approved","One-Bedroom Premier","https://www.discoverasr.com/en/somerset-serviced-residence/singapore/somerset-bencoolen-singapore/one-bedroom-premier","exact_or_best_public_room_page","51 Bencoolen Street, Singapore 189630","Bencoolen / Bras Basah","apartment_hotel","entire apartment","unknown","ensuite bathroom","unknown",,,,,,"0.78125","2026-06-02",,,,"unknown","9% GST applies; room-specific public rate was not surfaced in retrieved content","","","yes","yes","unknown","yes","yes","","","unknown",,"yes","unknown","unknown","not disclosed publicly on listing page","unknown","yes","Deep room URL exists; property page states fully-equipped kitchen, daily housekeeping except Sundays/public holidays, complimentary WiFi, and 1-minute walk to Bencoolen MRT","Serviced-apartment photography suggests a properly livable layout with the strongest floor-space story in the current set, plus cleaner bathroom and kitchen finishes than most room-only products.","8","walk","Bencoolen MRT","medium"
"citadines-rochor-studio-premier","session_2026_05_31_initial_research","batch_2026_05_31_initial_pack_phase2","2026-05-31","2026-05-31","2026-05-31","phase6_scored_provisional","Citadines Singapore","approved","Studio Premier","https://www.discoverasr.com/en/citadines/singapore/citadines-rochor-singapore/studio-premier","exact_or_best_public_room_page","2 Serangoon Road, Singapore 218227","Rochor / Little India","apartment_hotel","private room","Queen Bed","ensuite bathroom","unknown",,,,,,"0.78125","2026-06-02",,,,"unknown","Public page did not show a rate in retrieved content; final long-stay pricing and any taxes or fees remain unknown","","","yes","yes","yes","yes","yes","","","good",,"yes","unknown","unknown","not disclosed publicly on listing page","unknown","yes","Exact room page exists under a central Citadines property; room type is part of a long-term serviced apartment product in Rochor","Branded serviced-apartment visuals suggest clean modern maintenance, though the studio tiers are likely efficient rather than roomy despite the polished photography.",,"walk","Rochor MRT","medium"
"citadines-rochor-studio-executive","session_2026_05_31_initial_research","batch_2026_05_31_initial_pack_phase2","2026-05-31","2026-05-31","2026-05-31","phase6_scored_provisional","Citadines Singapore","approved","Studio Executive","https://www.discoverasr.com/en/citadines/singapore/citadines-rochor-singapore/studio-executive","exact_or_best_public_room_page","2 Serangoon Road, Singapore 218227","Rochor / Little India","apartment_hotel","private room","Queen Bed","ensuite bathroom","unknown",,,,,,"0.78125","2026-06-02",,,,"unknown","Public page did not show a rate in retrieved content; final long-stay pricing and any taxes or fees remain unknown","","","yes","yes","yes","yes","yes","","1","good",,"yes","unknown","unknown","not disclosed publicly on listing page","unknown","yes","Deep room page confirms queen bed, ensuite bathroom, work desk and chair, kitchenette, and floor-to-ceiling windows with natural daylight","Branded serviced-apartment visuals suggest clean modern maintenance, though the studio tiers are likely efficient rather than roomy despite the polished photography.",,"walk","Rochor MRT","medium"
"citadines-rochor-one-bedroom-premier","session_2026_05_31_initial_research","batch_2026_05_31_initial_pack_phase2","2026-05-31","2026-05-31","2026-05-31","phase6_scored_provisional","Citadines Singapore","approved","One-Bedroom Premier","https://www.discoverasr.com/en/citadines/singapore/citadines-rochor-singapore/one-bedroom-premier","exact_or_best_public_room_page","2 Serangoon Road, Singapore 218227","Rochor / Little India","apartment_hotel","entire apartment","Queen Bed","ensuite bathroom","unknown",,,,,,"0.78125","2026-06-02",,,,"unknown","Public page did not show a rate in retrieved content; final long-stay pricing and any taxes or fees remain unknown","","","yes","yes","yes","yes","yes","","1","good",,"yes","yes","unknown","not disclosed publicly on listing page","unknown","yes","Deep room page confirms queen bed, ensuite bathroom, separate living and dining area, full kitchen, work desk, washer-dryer, and floor-to-ceiling windows","Branded serviced-apartment visuals suggest clean modern maintenance and a more usable separation of sleeping and living zones than the studio tiers.",,"walk","Rochor MRT","medium"
"cove-ritzfarrer-671","session_2026_05_31_initial_research","batch_2026_05_31_cove_phase2","2026-05-31","2026-05-31","2026-05-31","phase6_scored_provisional","Cove","approved","Master Ensuite Room","https://cove.sg/listings/671-cove-103-master-ensuite-room-ritzfarrer","exact_or_best_public_room_page","142 Race Course Road, Singapore 218593","Jalan Besar / Farrer Park","coliving_operator","private room","King Bed","private bathroom","unknown",,,,,,"0.78125","2026-06-02","1",,,"unknown","Cove student FAQ says first invoice includes a one-month refundable deposit, prorated first month, and a one-off administration fee; page shows promo or T&C pricing variation","","","yes; Cove students page says minimum stay 3 months","yes","yes","yes","yes","yes","","1",,"unknown","yes","unknown","not disclosed publicly on listing page","unknown","yes","Exact Cove room page; king bed, desk, balcony, private bathroom, external window, and rooftop pool access","Exact-room and property photos look believable rather than over-staged, with a more comfortable room feel than the smaller Cove categories. Bathrooms read clean and functional, though several properties look more practical than luxurious.","18","public transport","Farrer Park MRT","medium"
"cove-plaza-665","session_2026_05_31_initial_research","batch_2026_05_31_cove_phase2","2026-05-31","2026-05-31","2026-05-31","phase6_scored_provisional","Cove","approved","Standard Room","https://cove.sg/listings/665-cove-94-standard-room-the-plaza","exact_or_best_public_room_page","7500A Beach Road, Singapore 199591","Bugis / Beach Road","coliving_operator","private room","Queen Bed","shared bathroom","SGD","1900","1900","1484.38",,,"0.78125","2026-06-02","1","1900","1484.38","unknown","Cove student FAQ says first invoice includes a one-month refundable deposit, prorated first month, and a one-off administration fee","2026-05-15","","yes; Cove students page says minimum stay 3 months","yes","yes","yes","yes","yes","","1",,"unknown","yes","unknown","not disclosed publicly on listing page","unknown","yes","Exact Cove room page; queen bed, desk, external window, AC, and central Bugis-area location","Exact-room and property photos look believable rather than over-staged, but this category still reads compact and practical rather than roomy. Shared-bath setups look functional but less premium than the ensuite options.","18","public transport","Nicoll Highway MRT","medium"
"cove-foch-1056","session_2026_05_31_initial_research","batch_2026_05_31_cove_phase2","2026-05-31","2026-05-31","2026-05-31","phase6_scored_provisional","Cove","approved","Studio","https://cove.sg/listings/1056-cove-178-studio-52-foch-road","exact_or_best_public_room_page","52 Foch Road, Singapore 209274","Jalan Besar / Rochor","coliving_operator","private studio","Queen Bed","private bathroom","unknown",,,,,,"0.78125","2026-06-02","1",,,"unknown","Cove student FAQ says first invoice includes a one-month refundable deposit, prorated first month, and a one-off administration fee","","","yes; Cove students page says minimum stay 3 months","yes","yes","yes","yes","yes","","unknown",,"unknown","yes","unknown","not disclosed publicly on listing page","unknown","yes","Exact Cove studio page; queen bed, desk, private bathroom, kitchenette, and electric hob in a central shophouse","Exact-room and property photos look more believable than heavily staged hotel marketing; the studio format appears self-contained and maintained, but still efficient rather than generous on floor area. Bathrooms read clean and functional, though several properties look more practical than luxurious.","18","public transport","Bendemeer MRT","medium"
"cove-foch-1049","session_2026_05_31_initial_research","batch_2026_05_31_cove_phase2","2026-05-31","2026-05-31","2026-05-31","phase6_scored_provisional","Cove","approved","Studio","https://cove.sg/listings/1049-cove-178-studio-52-foch-road","exact_or_best_public_room_page","52 Foch Road, Singapore 209274","Jalan Besar / Rochor","coliving_operator","private studio","Queen Bed","private bathroom","unknown",,,,,,"0.78125","2026-06-02","1",,,"unknown","Cove student FAQ says first invoice includes a one-month refundable deposit, prorated first month, and a one-off administration fee","","","yes; Cove students page says minimum stay 3 months","yes","yes","yes","yes","yes","","1",,"unknown","yes","unknown","not disclosed publicly on listing page","unknown","yes","Exact Cove studio page; 24 sqm studio with queen bed, desk, private bathroom, kitchenette, and external window","Exact-room and property photos look more believable than heavily staged hotel marketing; the studio format appears self-contained and maintained, but still efficient rather than generous on floor area. Bathrooms read clean and functional, though several properties look more practical than luxurious.","18","public transport","Bendemeer MRT","medium"
"cove-foch-1038","session_2026_05_31_initial_research","batch_2026_05_31_cove_phase2","2026-05-31","2026-05-31","2026-05-31","phase6_scored_provisional","Cove","approved","Studio","https://cove.sg/listings/1038-cove-178-studio-52-foch-road","exact_or_best_public_room_page","52 Foch Road, Singapore 209274","Jalan Besar / Rochor","coliving_operator","private studio","Queen Bed","private bathroom","unknown",,,,,,"0.78125","2026-06-02","1",,,"unknown","Cove student FAQ says first invoice includes a one-month refundable deposit, prorated first month, and a one-off administration fee","","","yes; Cove students page says minimum stay 3 months","yes","yes","yes","yes","yes","","1",,"unknown","yes","unknown","not disclosed publicly on listing page","unknown","yes","Exact Cove studio page; large studio with queen bed, desk, private bathroom, microwave, kitchenette, and external window","Exact-room and property photos look more believable than heavily staged hotel marketing; the studio format appears self-contained and maintained, but still efficient rather than generous on floor area. Bathrooms read clean and functional, though several properties look more practical than luxurious.","18","public transport","Bendemeer MRT","medium"
"cove-foch-1057","session_2026_05_31_initial_research","batch_2026_05_31_cove_phase2","2026-05-31","2026-05-31","2026-05-31","phase6_scored_provisional","Cove","approved","Studio","https://cove.sg/listings/1057-cove-178-studio-52-foch-road","exact_or_best_public_room_page","52 Foch Road, Singapore 209274","Jalan Besar / Rochor","coliving_operator","private studio","Queen Bed","private bathroom","unknown",,,,,,"0.78125","2026-06-02","1",,,"unknown","Cove student FAQ says first invoice includes a one-month refundable deposit, prorated first month, and a one-off administration fee","","","yes; Cove students page says minimum stay 3 months","yes","yes","yes","yes","yes","","1",,"unknown","yes","unknown","not disclosed publicly on listing page","unknown","yes","Exact Cove studio page; queen bed, desk, private bathroom, kitchenette, and external window in a building with lift access","Exact-room and property photos look more believable than heavily staged hotel marketing; the studio format appears self-contained and maintained, but still efficient rather than generous on floor area. Bathrooms read clean and functional, though several properties look more practical than luxurious.","18","public transport","Bendemeer MRT","medium"
"cove-bayron-2268","session_2026_05_31_initial_research","batch_2026_05_31_cove_phase2","2026-05-31","2026-05-31","2026-05-31","phase6_scored_provisional","Cove","approved","Standard Room","https://cove.sg/listings/2268-cove-353-standard-room-the-bayron","exact_or_best_public_room_page","49 Saint Thomas Walk, Singapore 238140","Somerset / Orchard","coliving_operator","private room","Queen Bed","shared bathroom","unknown",,,,,,"0.78125","2026-06-02","1",,,"unknown","Cove student FAQ says first invoice includes a one-month refundable deposit, prorated first month, and a one-off administration fee","","","yes; Cove students page says minimum stay 3 months","yes","yes","yes","yes","yes","","1",,"unknown","yes","unknown","not disclosed publicly on listing page","unknown","yes","Exact Cove room page with SMU tag; queen bed, desk, external window, and Somerset location","Exact-room and property photos look believable rather than over-staged, but this category still reads compact and practical rather than roomy. Shared-bath setups look functional but less premium than the ensuite options.","18","public transport","Somerset MRT","medium"
"cove-bayron-2466","session_2026_05_31_initial_research","batch_2026_05_31_cove_phase2","2026-05-31","2026-05-31","2026-05-31","phase6_scored_provisional","Cove","approved","Master Ensuite Room","https://cove.sg/listings/2466-cove-368-master-ensuite-room-the-bayron","exact_or_best_public_room_page","49 Saint Thomas Walk, Singapore 238140","Somerset / Orchard","coliving_operator","private room","Queen Bed","private bathroom","unknown",,,,,,"0.78125","2026-06-02","1",,,"unknown","Cove student FAQ says first invoice includes a one-month refundable deposit, prorated first month, and a one-off administration fee","","","yes; Cove students page says minimum stay 3 months","yes","yes","yes","yes","yes","","1",,"unknown","yes","unknown","not disclosed publicly on listing page","unknown","yes","Exact Cove room page with SMU tag; queen bed, desk, private bathroom, and Somerset location","Exact-room and property photos look believable rather than over-staged, with a more comfortable room feel than the smaller Cove categories. Bathrooms read clean and functional, though several properties look more practical than luxurious.","18","public transport","Somerset MRT","medium"
"cove-bayron-2719","session_2026_05_31_initial_research","batch_2026_05_31_cove_phase2","2026-05-31","2026-05-31","2026-05-31","phase6_scored_provisional","Cove","approved","Standard Room","https://cove.sg/listings/2719-cove-391-standard-room-the-bayron","exact_or_best_public_room_page","49 Saint Thomas Walk, Singapore 238140","Somerset / Orchard","coliving_operator","private room","Queen Bed","shared bathroom","unknown",,,,,,"0.78125","2026-06-02","1",,,"unknown","Cove student FAQ says first invoice includes a one-month refundable deposit, prorated first month, and a one-off administration fee","","","yes; Cove students page says minimum stay 3 months","yes","yes","yes","yes","yes","","1",,"unknown","yes","unknown","not disclosed publicly on listing page","unknown","yes","Exact Cove room page with SMU tag; queen bed, desk, external window, and Somerset location","Exact-room and property photos look believable rather than over-staged, but this category still reads compact and practical rather than roomy. Shared-bath setups look functional but less premium than the ensuite options.","18","public transport","Somerset MRT","medium"
"cove-bayron-2649","session_2026_05_31_initial_research","batch_2026_05_31_cove_phase2","2026-05-31","2026-05-31","2026-05-31","phase6_scored_provisional","Cove","approved","Standard Room","https://cove.sg/listings/2649-cove-390-standard-room-the-bayron","exact_or_best_public_room_page","49 Saint Thomas Walk, Singapore 238140","Somerset / Orchard","coliving_operator","private room","Queen Bed","shared bathroom","unknown",,,,,,"0.78125","2026-06-02","1",,,"unknown","Cove student FAQ says first invoice includes a one-month refundable deposit, prorated first month, and a one-off administration fee","","","yes; Cove students page says minimum stay 3 months","yes","yes","yes","yes","yes","","1",,"unknown","yes","unknown","not disclosed publicly on listing page","unknown","yes","Exact Cove room page with SMU tag; queen bed, desk, external window, and Somerset location","Exact-room and property photos look believable rather than over-staged, but this category still reads compact and practical rather than roomy. Shared-bath setups look functional but less premium than the ensuite options.","18","public transport","Somerset MRT","medium"
"cove-kinta-1170","session_2026_05_31_initial_research","batch_2026_05_31_cove_phase2","2026-05-31","2026-05-31","2026-05-31","phase6_scored_provisional","Cove","approved","Master Ensuite Room","https://cove.sg/listings/1170-cove-98-master-ensuite-room-31-37-kinta-road","exact_or_best_public_room_page","37 Kinta Road, Singapore 219106","Jalan Besar / Farrer Park","coliving_operator","private room","Queen Bed","private bathroom","unknown",,,,,,"0.78125","2026-06-02","1",,,"unknown","Cove student FAQ says first invoice includes a one-month refundable deposit, prorated first month, and a one-off administration fee","","","yes; Cove students page says minimum stay 3 months","yes","yes","yes","yes","yes","","1",,"unknown","yes","unknown","not disclosed publicly on listing page","unknown","yes","Exact Cove room page with SMU tag; queen bed, desk, balcony, private bathroom, and renovated heritage-house setup","Exact-room and property photos look believable rather than over-staged, with a more comfortable room feel than the smaller Cove categories. Bathrooms read clean and functional, though several properties look more practical than luxurious.","18","public transport","Farrer Park MRT","medium"
"cove-samkiang-3155","session_2026_05_31_initial_research","batch_2026_05_31_cove_phase2","2026-05-31","2026-05-31","2026-05-31","phase6_scored_provisional","Cove","approved","Standard Room","https://cove.sg/listings/3155-cove-483-standard-room-sam-kiang-mansions","exact_or_best_public_room_page","23 St Thomas Walk, Singapore 238108","Somerset / River Valley","coliving_operator","private room","Queen Bed","shared bathroom","SGD","1900","1900","1484.38",,,"0.78125","2026-06-02","1",,,"unknown","Cove student FAQ says first invoice includes a one-month refundable deposit, prorated first month, and a one-off administration fee","","","yes; Cove students page says minimum stay 3 months","yes","yes","yes","yes","yes","","1",,"unknown","yes","unknown","not disclosed publicly on listing page","unknown","yes","Exact Cove room page; larger 13.8 sqm queen room with desk, external window, and shared bathroom with two other rooms","Exact-room and property photos look believable rather than over-staged, but this category still reads compact and practical rather than roomy. Shared-bath setups look functional but less premium than the ensuite options.","18","public transport","Somerset MRT","medium"
"cove-samkiang-3157","session_2026_05_31_initial_research","batch_2026_05_31_cove_phase2","2026-05-31","2026-05-31","2026-05-31","phase6_scored_provisional","Cove","approved","Standard Room","https://cove.sg/listings/3157-cove-483-standard-room-sam-kiang-mansions","exact_or_best_public_room_page","23 St Thomas Walk, Singapore 238108","Somerset / River Valley","coliving_operator","private room","Queen Bed","shared bathroom","SGD","1800","1800","1406.25",,,"0.78125","2026-06-02","1",,,"unknown","Cove student FAQ says first invoice includes a one-month refundable deposit, prorated first month, and a one-off administration fee","2026-05-16","","yes; Cove students page says minimum stay 3 months","yes","yes","yes","yes","yes","","1",,"unknown","yes","unknown","not disclosed publicly on listing page","unknown","yes","Exact Cove room page; queen bed, desk, large floor-to-ceiling window, and shared bathroom with two other rooms","Exact-room and property photos look believable rather than over-staged, but this category still reads compact and practical rather than roomy. Shared-bath setups look functional but less premium than the ensuite options.","18","public transport","Somerset MRT","medium"
"cove-hootkiam-476","session_2026_05_31_initial_research","batch_2026_05_31_cove_phase2","2026-05-31","2026-05-31","2026-05-31","phase6_scored_provisional","Cove","approved","Jr. Master Ensuite Room","https://cove.sg/listings/476-cove-78-jr-master-ensuite-room-hock-mansions","exact_or_best_public_room_page","1 Wilkie Terrace, Singapore 228022","Dhoby Ghaut / Wilkie","coliving_operator","private room","Queen Bed","private bathroom","SGD","2000","2000","1562.5",,,"0.78125","2026-06-02","1",,,"unknown","Cove student FAQ says first invoice includes a one-month refundable deposit, prorated first month, and a one-off administration fee","2026-06-24","","yes; Cove students page says minimum stay 3 months","yes","yes","yes","yes","yes","","1",,"unknown","yes","unknown","not disclosed publicly on listing page","unknown","yes","Exact Cove room page with SMU tag; queen bed, desk, private bathroom, external window, and highly central location","Exact-room and property photos look believable rather than over-staged, with a more comfortable room feel than the smaller Cove categories. Bathrooms read clean and functional, though several properties look more practical than luxurious.","11","walk","Dhoby Ghaut MRT","medium"
"cove-hootkiam-907","session_2026_05_31_initial_research","batch_2026_05_31_cove_phase2","2026-05-31","2026-05-31","2026-05-31","phase6_scored_provisional","Cove","approved","Standard Room","https://cove.sg/listings/907-cove-200-standard-room-hoot-kiam-mansions","exact_or_best_public_room_page","25C Hoot Kiam Road, Singapore 249407","River Valley / Somerset","coliving_operator","private room","Queen Bed","shared bathroom","SGD","1550","1550","1210.94",,,"0.78125","2026-06-02","1",,,"unknown","Cove student FAQ says first invoice includes a one-month refundable deposit, prorated first month, and a one-off administration fee","2026-05-15","","yes; Cove students page says minimum stay 3 months","yes","yes","yes","yes","yes","","1",,"unknown","yes","unknown","not disclosed publicly on listing page","unknown","yes","Exact Cove room page; queen bed, desk, external window, and shared bathroom in River Valley","Exact-room and property photos look believable rather than over-staged, but this category still reads compact and practical rather than roomy. Shared-bath setups look functional but less premium than the ensuite options.","18","public transport","Somerset MRT","medium"
"cove-regency-3108","session_2026_05_31_initial_research","batch_2026_05_31_cove_phase2","2026-05-31","2026-05-31","2026-05-31","phase6_scored_provisional","Cove","approved","Standard Room","https://cove.sg/listings/3108-cove-471-standard-room-regency-lodge","exact_or_best_public_room_page","17 Shanghai Road, Singapore 248191","River Valley / Great World","coliving_operator","private room","Queen Bed","shared bathroom","SGD","1550","1550","1210.94",,,"0.78125","2026-06-02","1",,,"unknown","Cove student FAQ says first invoice includes a one-month refundable deposit, prorated first month, and a one-off administration fee","","","yes; Cove students page says minimum stay 3 months","yes","yes","yes","yes","yes","","1",,"unknown","yes","unknown","not disclosed publicly on listing page","unknown","yes","Exact Cove room page; queen bed, desk, external window, and shared bathroom with strong central location","Exact-room and property photos look believable rather than over-staged, but this category still reads compact and practical rather than roomy. Shared-bath setups look functional but less premium than the ensuite options.","18","public transport","Great World MRT","medium"
"cove-gambier-3161","session_2026_05_31_initial_research","batch_2026_05_31_cove_phase2","2026-05-31","2026-05-31","2026-05-31","phase6_scored_provisional","Cove","approved","Standard Room","https://cove.sg/listings/3161-cove-484-standard-room-gambier-court","exact_or_best_public_room_page","66 Kim Yam Road, Singapore 239381","River Valley / Fort Canning","coliving_operator","private room","Queen Bed","shared bathroom","SGD","1950","1950","1523.44",,,"0.78125","2026-06-02","1",,,"unknown","Cove student FAQ says first invoice includes a one-month refundable deposit, prorated first month, and a one-off administration fee","","","yes; Cove students page says minimum stay 3 months","yes","yes","yes","yes","yes","","1",,"unknown","yes","unknown","not disclosed publicly on listing page","unknown","yes","Exact Cove room page; queen bed, desk, external window, and shared bathroom with two other rooms","Exact-room and property photos look believable rather than over-staged, but this category still reads compact and practical rather than roomy. Shared-bath setups look functional but less premium than the ensuite options.","18","public transport","Fort Canning MRT","medium"
"cove-regalia-3127","session_2026_05_31_initial_research","batch_2026_05_31_cove_phase2","2026-05-31","2026-05-31","2026-05-31","phase6_scored_provisional","Cove","approved","Standard Room","https://cove.sg/listings/3127-cove-476-standard-room-the-regalia","exact_or_best_public_room_page","2 River Valley Close, Singapore 238428","River Valley / Great World","coliving_operator","private room","Queen Bed","shared bathroom","SGD","1850","1850","1445.31",,,"0.78125","2026-06-02","1",,,"unknown","Cove student FAQ says first invoice includes a one-month refundable deposit, prorated first month, and a one-off administration fee","2026-06-22","","yes; Cove students page says minimum stay 3 months","yes","yes","yes","yes","yes","","1",,"unknown","yes","unknown","not disclosed publicly on listing page","unknown","yes","Exact Cove room page; queen bed, desk, large built-in wardrobe, and strong natural light through a big window","Exact-room and property photos look believable rather than over-staged, but this category still reads compact and practical rather than roomy. Shared-bath setups look functional but less premium than the ensuite options.","18","public transport","Great World MRT","medium"
"cove-niven-910","session_2026_05_31_initial_research","batch_2026_05_31_cove_phase2","2026-05-31","2026-05-31","2026-05-31","phase6_scored_provisional","Cove","approved","Master Ensuite Room","https://cove.sg/listings/910-cove-155-master-ensuite-room-24-niven-road","exact_or_best_public_room_page","24 Niven Road, Singapore 228371","Dhoby Ghaut / Rochor","coliving_operator","private room","Queen Bed","private bathroom","unknown",,,,,,"0.78125","2026-06-02","1",,,"unknown","Cove student FAQ says first invoice includes a one-month refundable deposit, prorated first month, and a one-off administration fee","","","yes; Cove students page says minimum stay 3 months","yes","yes","yes","yes","yes","","1",,"unknown","yes","unknown","not disclosed publicly on listing page","unknown","yes","Exact Cove room page with SMU tag; queen bed, desk, mini fridge, microwave, private bathroom, and external window","Exact-room and property photos look believable rather than over-staged, with a more comfortable room feel than the smaller Cove categories. Bathrooms read clean and functional, though several properties look more practical than luxurious.","10","walk","Little India MRT / Rochor MRT","medium"
"cove-hootkiam-3146","session_2026_05_31_initial_research","batch_2026_05_31_cove_phase2","2026-05-31","2026-05-31","2026-05-31","phase6_scored_provisional","Cove","approved","Master Ensuite Room","https://cove.sg/listings/3146-cove-481-master-ensuite-room-hoot-kiam-mansions","exact_or_best_public_room_page","25A Hoot Kiam Road, Singapore 249407","River Valley / Somerset","coliving_operator","private room","Queen Bed","private bathroom","unknown",,,,,,"0.78125","2026-06-02","1",,,"unknown","Cove student FAQ says first invoice includes a one-month refundable deposit, prorated first month, and a one-off administration fee","2026-07-06","","yes; Cove students page says minimum stay 3 months","yes","yes","yes","yes","yes","","1",,"unknown","yes","unknown","not disclosed publicly on listing page","unknown","yes","Exact Cove room page; 15.8 sqm queen ensuite with desk, external window, and extra lounge-chair space","Exact-room and property photos look believable rather than over-staged, with a more comfortable room feel than the smaller Cove categories. Bathrooms read clean and functional, though several properties look more practical than luxurious.","18","public transport","Somerset MRT / Great World MRT","medium"
"cove-hootkiam-3147","session_2026_05_31_initial_research","batch_2026_05_31_cove_phase2","2026-05-31","2026-05-31","2026-05-31","phase6_scored_provisional","Cove","approved","Junior Master Ensuite Room","https://cove.sg/listings/3147-cove-481-junior-master-ensuite-room-hoot-kiam-mansions","exact_or_best_public_room_page","25A Hoot Kiam Road, Singapore 249407","River Valley / Somerset","coliving_operator","private room","Queen Bed","private bathroom","SGD","1950","1950","1523.44",,,"0.78125","2026-06-02","1",,,"unknown","Cove student FAQ says first invoice includes a one-month refundable deposit, prorated first month, and a one-off administration fee","2026-05-15","","yes; Cove students page says minimum stay 3 months","yes","yes","yes","yes","yes","","1",,"unknown","yes","unknown","not disclosed publicly on listing page","unknown","yes","Exact Cove room page; queen bed, desk, private bathroom, external window, and strong storage space","Exact-room and property photos look believable rather than over-staged, with a more comfortable room feel than the smaller Cove categories. Bathrooms read clean and functional, though several properties look more practical than luxurious.","18","public transport","Somerset MRT / Great World MRT","medium"
"cove-regalia-3126","session_2026_05_31_initial_research","batch_2026_05_31_cove_phase2","2026-05-31","2026-05-31","2026-05-31","phase6_scored_provisional","Cove","approved","Master Ensuite Room","https://cove.sg/listings/3126-cove-476-master-ensuite-room-the-regalia","exact_or_best_public_room_page","2 River Valley Close, Singapore 238428","River Valley / Great World","coliving_operator","private room","Queen Bed","private bathroom","unknown",,,,,,"0.78125","2026-06-02","1",,,"unknown","Cove student FAQ says first invoice includes a one-month refundable deposit, prorated first month, and a one-off administration fee","","","yes; Cove students page says minimum stay 3 months","yes","yes","yes","yes","yes","","1",,"unknown","yes","unknown","not disclosed publicly on listing page","unknown","yes","Exact Cove room page; 18 sqm queen ensuite with desk, bathtub-style shower, large window, and floor-to-ceiling wardrobes","Exact-room and property photos look believable rather than over-staged, with a more comfortable room feel than the smaller Cove categories. Bathrooms read clean and functional, though several properties look more practical than luxurious.","18","public transport","Great World MRT","medium"
"cove-regalia-3130","session_2026_05_31_initial_research","batch_2026_05_31_cove_phase2","2026-05-31","2026-05-31","2026-05-31","phase6_scored_provisional","Cove","approved","Master Ensuite Room","https://cove.sg/listings/3130-cove-477-master-ensuite-room-the-regalia","exact_or_best_public_room_page","2 River Valley Close, Singapore 238428","River Valley / Great World","coliving_operator","private room","Queen Bed","private bathroom","unknown",,,,,,"0.78125","2026-06-02","1",,,"unknown","Cove student FAQ says first invoice includes a one-month refundable deposit, prorated first month, and a one-off administration fee","","","yes; Cove students page says minimum stay 3 months","yes","yes","yes","yes","yes","","1",,"unknown","yes","unknown","not disclosed publicly on listing page","unknown","yes","Exact Cove room page; queen ensuite with desk, external window, spacious bathroom, and strong wardrobe space","Exact-room and property photos look believable rather than over-staged, with a more comfortable room feel than the smaller Cove categories. Bathrooms read clean and functional, though several properties look more practical than luxurious.","18","public transport","Great World MRT","medium"
"cove-regalia-3133","session_2026_05_31_initial_research","batch_2026_05_31_cove_phase2","2026-05-31","2026-05-31","2026-05-31","phase6_scored_provisional","Cove","approved","Standard Room","https://cove.sg/listings/3133-cove-477-standard-room-the-regalia","exact_or_best_public_room_page","2 River Valley Close, Singapore 238428","River Valley / Great World","coliving_operator","private room","Queen Bed","shared bathroom","unknown",,,,,,"0.78125","2026-06-02","1",,,"unknown","Cove student FAQ says first invoice includes a one-month refundable deposit, prorated first month, and a one-off administration fee","","","yes; Cove students page says minimum stay 3 months","yes","yes","yes","yes","yes","","1",,"unknown","yes","unknown","not disclosed publicly on listing page","unknown","yes","Exact Cove room page; smaller queen room with desk, external window, and strong natural light through a floor-to-ceiling window","Exact-room and property photos look believable rather than over-staged, but this category still reads compact and practical rather than roomy. Shared-bath setups look functional but less premium than the ensuite options.","18","public transport","Great World MRT","medium"
"bsh-single-room","session_2026_05_31_initial_research","batch_2026_05_31_initial_pack_phase2","2026-05-31","2026-05-31","2026-05-31","phase6_scored_failed","Balestier Students' Hostel","approved","Single Room","https://bshostel.com/ | https://www.legacy.bshostel.com/ | exact single-room deep link not exposed on the public site","best_public_non_exact","12 Boon Teck Rd, #02-02 Shaw Corner, Singapore 329586","Balestier","student_hostel","private room","likely single bed; exact size unverified","shared bathroom likely","SGD","1500","1500","1171.88",,,"0.78125","2026-06-02",,,,"unknown","Fee and deposit terms likely similar to VIP page but not confirmed on a dedicated Single Room page","","","likely yes; operator inventory appears to follow hostel-wide 3-month minimum but Single Room page not independently verified","yes","yes","no","unknown","yes","","",,"yes","yes","Microwave and boiling water only likely; no dedicated Single Room terms page captured","unknown","unknown","unknown","yes","Visual evidence is sparse and partly legacy, pointing to a basic student-hostel fit-out with likely tight floor space and weaker photo consistency than the newer operator listings.","30","bus","unknown","unknown"
"tap-veerasamy-single","session_2026_05_31_initial_research","batch_2026_05_31_initial_pack_phase2","2026-05-31","2026-05-31","2026-05-31","phase6_scored_failed","A Co-Living Hotel @ Veerasamy by The Assembly Place","approved","Single","https://www.theassemblyplace.com/properties/a-co-living-hotel-veerasamy/","exact_or_best_public_room_page","3 Veerasamy Road, Singapore 207309","Farrer Park / Jalan Besar","coliving_hotel","private room","Single Bed","ensuite bathroom","SGD","1870","1870","1460.94","1870","1460.94","0.78125","2026-06-02",,,,"yes","Deposit and non-refundable hotel or operator fees not disclosed on the room card or property page","","","yes; property page states 1 Month Flexible Lease","yes","yes","no","yes","yes","","",,"yes","yes","Bar fridge only shown; no full kitchen confirmed","unknown","unknown","unknown","yes","The visible photos show a clean, recently refreshed hotel-style interior with decent maintenance, but the layout reads compact and more like a small hotel room than a roomy study base.","22","MRT / bus","Jalan Besar MRT","medium"
"tap-veerasamy-queen-windowless","session_2026_05_31_initial_research","batch_2026_05_31_initial_pack_phase2","2026-05-31","2026-05-31","2026-05-31","phase6_scored_failed","A Co-Living Hotel @ Veerasamy by The Assembly Place","approved","Queen - Windowless","https://www.theassemblyplace.com/properties/a-co-living-hotel-veerasamy/","exact_or_best_public_room_page","3 Veerasamy Road, Singapore 207309","Farrer Park / Jalan Besar","coliving_hotel","private room","Queen Bed","ensuite bathroom","SGD","2420","2420","1890.62","2420","1890.62","0.78125","2026-06-02",,,,"yes","Deposit and non-refundable hotel or operator fees not disclosed on the room card or property page","","","yes; property page states 1 Month Flexible Lease","yes","yes","yes","yes","yes","","0",,"yes","yes","Bar fridge only shown; no full kitchen confirmed","unknown","unknown","unknown","yes","The visible photos show a clean, recently refreshed hotel-style interior, but the windowless variant trades daylight for a tidier ensuite finish and likely compact usable floor area.","22","MRT / bus","Jalan Besar MRT","medium"
"tap-veerasamy-queen-deluxe","session_2026_05_31_initial_research","batch_2026_05_31_initial_pack_phase2","2026-05-31","2026-05-31","2026-05-31","phase6_scored_failed","A Co-Living Hotel @ Veerasamy by The Assembly Place","approved","Queen Deluxe","https://www.theassemblyplace.com/properties/a-co-living-hotel-veerasamy/","exact_or_best_public_room_page","3 Veerasamy Road, Singapore 207309","Farrer Park / Jalan Besar","coliving_hotel","private room","Queen Bed","ensuite bathroom","SGD","2750","2750","2148.44","2750","2148.44","0.78125","2026-06-02",,,,"yes","Deposit and non-refundable hotel or operator fees not disclosed on the room card or property page","","","yes; property page states 1 Month Flexible Lease","yes","yes","yes","yes","yes","","",,"yes","yes","Bar fridge only shown; no full kitchen confirmed","unknown","unknown","unknown","yes","The visible photos show a clean, recently refreshed hotel-style interior with maintained finishes; the room likely feels polished but still compact rather than roomy.","22","MRT / bus","Jalan Besar MRT","medium"
"sophia-view-tap-luxe","session_2026_05_31_initial_research","batch_2026_05_31_initial_pack_phase2","2026-05-31","2026-05-31","2026-05-31","phase6_scored_failed","Sophia View by The Assembly Place","approved","TAP Luxe","https://www.theassemblyplace.com/properties/sophia-view/","exact_or_best_public_room_page","108 Sophia Road, Singapore 228173","Rochor / Dhoby Ghaut","coliving_operator","private room","Queen Bed","ensuite bathroom","SGD","2450","2450","1914.06","2450","1914.06","0.78125","2026-06-02",,,,"yes","Deposit, admin fee, stamp duty, and move-out or other non-refundable charges are not disclosed on the property page","","","yes; property page states 3 Months Flexible Lease","yes","yes","yes","yes","yes","","",,"yes","yes","yes","unknown","unknown","unknown","yes","Property photos look polished and recently maintained, with clean bathrooms and a stronger premium feel than the Lite tiers, though the rooms still read as compact rather than expansive.","12","walk","Dhoby Ghaut MRT","medium"
"wilkie-60-tap-luxe","session_2026_05_31_initial_research","batch_2026_05_31_initial_pack_phase2","2026-05-31","2026-05-31","2026-05-31","phase6_scored_failed","60 Wilkie","approved","TAP Luxe","https://www.theassemblyplace.com/properties/60-wilkie/","exact_or_best_public_room_page","60 Wilkie Road, Singapore 228065","Rochor / Dhoby Ghaut","coliving_operator","private room","Queen Bed","ensuite bathroom","SGD","2200","2200","1718.75","2200","1718.75","0.78125","2026-06-02",,,,"yes","Deposit, admin fee, stamp duty, and move-out or other non-refundable charges are not disclosed on the property page","","","yes; property page states 3 Months Flexible Lease","yes","yes","yes","yes","yes","","",,"yes","yes","yes","unknown","unknown","unknown","yes","Property photos look polished and recently maintained, with clean bathrooms and a stronger premium feel than the Lite tiers, though the rooms still read as compact rather than expansive.","12","walk","Dhoby Ghaut MRT","medium"
"keystone-farrer-standard","session_2026_05_31_initial_research","batch_2026_05_31_initial_pack_phase2","2026-05-31","2026-05-31","2026-05-31","phase6_scored_failed","Keystone Farrer Park by Homestead","approved","Standard","https://www.thekeystone.sg/farrerpark","exact_or_best_public_room_page","118 Race Course Road, Singapore 218581","Farrer Park / Little India","serviced_residence","private room","Queen Bed","ensuite bathroom","SGD","2145","2145","1675.78","2145","1675.78","0.78125","2026-06-02",,"2000","1562.5","yes","Terms page states S$2,000 security deposit and S$200 admin fee for Farrer Park and Lavender; GST may apply","","","yes; source positions it for long-term serviced apartment and student accommodation use","yes","yes","yes","yes","yes","","",,"yes","yes","Shared kitchen / pantry access only; no in-room kitchen","unknown","unknown","unknown","yes","The available visuals suggest a clean serviced-room product with decent maintenance, but exact-room photo coverage is imperfect because the gallery mixes room and neighborhood imagery.",,"unknown","Farrer Park MRT","medium"
"keystone-farrer-xl","session_2026_05_31_initial_research","batch_2026_05_31_initial_pack_phase2","2026-05-31","2026-05-31","2026-05-31","phase6_scored_failed","Keystone Farrer Park by Homestead","approved","XL","https://www.thekeystone.sg/farrerpark","exact_or_best_public_room_page","118 Race Course Road, Singapore 218581","Farrer Park / Little India","serviced_residence","private room","Queen Bed","ensuite bathroom","SGD","2255","2255","1761.72","2255","1761.72","0.78125","2026-06-02",,"2000","1562.5","yes","Terms page states S$2,000 security deposit and S$200 admin fee for Farrer Park and Lavender; GST may apply","","","yes; source positions it for long-term serviced apartment and student accommodation use","yes","yes","yes","yes","yes","","",,"yes","yes","Shared kitchen / pantry access only; no in-room kitchen","unknown","unknown","unknown","yes","The available visuals suggest a clean serviced-room product with the best space margin in this Keystone set; exact-room photo coverage is still imperfect because the gallery mixes room and neighborhood imagery.",,"unknown","Farrer Park MRT","medium"
"bencoolen-house-tap-luxe","session_2026_05_31_initial_research","batch_2026_05_31_initial_pack_phase2","2026-05-31","2026-05-31","2026-05-31","phase6_scored_failed","The Assembly Place","approved","TAP Luxe","https://www.theassemblyplace.com/properties/bencoolen-house/","exact_or_best_public_room_page","27 Bencoolen Street, Singapore 189620","Rochor / Bencoolen","coliving_operator","private room","Queen Bed","ensuite bathroom","SGD","2500","2500","1953.12","2500","1953.12","0.78125","2026-06-02",,,,"yes","Operator FAQ-level fees like deposit, admin fee, stamp duty, and move-out fee are not disclosed on this property page","","","yes; property page states 3 Months Flexible Lease","yes","yes","yes","yes","yes","","",,"yes","yes","yes","unknown","unknown","unknown","yes","Property photos look polished and recently maintained, with clean bathrooms and a stronger premium feel than the Lite tiers, though the rooms still read as compact rather than expansive.","1","walk","Bencoolen MRT","medium"
"jalan-besar-140-luxe","session_2026_05_31_initial_research","batch_2026_05_31_initial_pack_phase2","2026-05-31","2026-05-31","2026-05-31","phase6_scored_failed","The Assembly Place","approved","TAP Luxe","https://www.theassemblyplace.com/properties/140-jalan-besar/","exact_or_best_public_room_page","140 Jalan Besar, Singapore","Jalan Besar / Rochor","coliving_operator","private room","Queen Bed","unknown","SGD","2200","2200","1718.75","2200","1718.75","0.78125","2026-06-02",,,,"yes","Operator FAQ-level fees like deposit, admin fee, stamp duty, and move-out fee are not disclosed on this property page","","","yes; property page states 3 Months Flexible Lease","yes","yes","yes","yes","yes","","",,"yes","yes","Bar fridge only shown at room level; shared full kitchen listed in property benefits","unknown","unknown","unknown","yes","Property photos look polished and recently maintained, with clean bathrooms and a stronger premium feel than the Lite tiers, though the rooms still read as compact rather than expansive.","5","walk","Jalan Besar MRT","medium"
"the-centren-luxe","session_2026_05_31_initial_research","batch_2026_05_31_initial_pack_phase2","2026-05-31","2026-05-31","2026-05-31","phase6_scored_failed","The Assembly Place","approved","TAP Luxe","https://www.theassemblyplace.com/properties/the-centren/","exact_or_best_public_room_page","The Centren, Singapore","Aljunied / Geylang","coliving_operator","private room","Queen Bed","ensuite bathroom","SGD","2300","2300","1796.88","2300","1796.88","0.78125","2026-06-02",,,,"yes","Operator notes say monthly membership is all-inclusive; separate fee breakdown still not disclosed on the page","","","yes; property page states 3 Months Flexible Lease","yes","yes","yes","yes","yes","","",,"yes","yes","yes","unknown","unknown","unknown","yes","Property photos look polished and recently maintained, with clean bathrooms and a stronger premium feel than the Lite tiers, though the rooms still read as compact rather than expansive.",,"unknown","Aljunied MRT","medium"
"tank-road-3-luxe","session_2026_05_31_initial_research","batch_2026_05_31_initial_pack_phase2","2026-05-31","2026-05-31","2026-05-31","phase6_scored_failed","The Assembly Place","approved","TAP Luxe","https://www.theassemblyplace.com/properties/3-tank-road/","exact_or_best_public_room_page","3 Tank Road, Singapore 238060","River Valley / Fort Canning","coliving_operator","private room","Queen Bed","ensuite bathroom","SGD","2200","2200","1718.75","2200","1718.75","0.78125","2026-06-02",,,,"yes","Operator FAQ-level fees like deposit, admin fee, stamp duty, and move-out fee are not disclosed on this property page","2026-06-24","","yes; property page states 1 Month Flexible Lease","yes","yes","yes","yes","yes","","",,"yes","yes","Equipped kitchen listed in property benefits; no in-room kitchen shown","unknown","unknown","unknown","yes","Property photos look polished and recently maintained, with clean bathrooms and a stronger premium feel than the Lite tiers, though the rooms still read as compact rather than expansive.",,"unknown","Fort Canning MRT","medium"
"cove-niven-915","session_2026_05_31_initial_research","batch_2026_05_31_cove_phase2","2026-05-31","2026-05-31","2026-05-31","phase6_scored_failed","Cove","approved","Master Ensuite Room","https://cove.sg/listings/915-cove-155-master-ensuite-room-24-niven-road","exact_or_best_public_room_page","24 Niven Road, Singapore 228371","Dhoby Ghaut / Rochor","coliving_operator","private room","Queen Bed","private bathroom","SGD","2550","2550","1992.19",,,"0.78125","2026-06-02","1","2550","1992.19","unknown","Cove student FAQ says first invoice includes a one-month refundable deposit, prorated first month, and a one-off administration fee","2026-06-01","","yes; Cove students page says minimum stay 3 months","yes","yes","yes","yes","yes","","1",,"unknown","yes","unknown","unknown","unknown","yes","Exact Cove room page with SMU tag; queen bed, desk, balcony, mini fridge, microwave, and private bathroom","Exact-room and property photos look believable rather than over-staged, with a more comfortable room feel than the smaller Cove categories. Bathrooms read clean and functional, though several properties look more practical than luxurious.","10","walk","Little India MRT / Rochor MRT","medium"
"cove-uesquare-3114","session_2026_05_31_initial_research","batch_2026_05_31_cove_phase2","2026-05-31","2026-05-31","2026-05-31","phase6_scored_failed","Cove","approved","Master Ensuite Room","https://cove.sg/listings/3114-cove-473-master-ensuite-room-ue-square-residences","exact_or_best_public_room_page","205 River Valley Road, Singapore 238274","River Valley / Fort Canning","coliving_operator","private room","Queen Bed","private bathroom","SGD","2550","2550","1992.19",,,"0.78125","2026-06-02","1",,,"unknown","Cove student FAQ says first invoice includes a one-month refundable deposit, prorated first month, and a one-off administration fee","","","yes; Cove students page says minimum stay 3 months","yes","yes","yes","yes","yes","","1",,"unknown","yes","unknown","unknown","unknown","yes","Exact Cove room page; queen bed, desk, private bathroom with bathtub, corner windows, and strong central location","Exact-room and property photos look believable rather than over-staged, with a more comfortable room feel than the smaller Cove categories. Bathrooms read clean and functional, though several properties look more practical than luxurious.","18","public transport","Fort Canning MRT","medium"
"cove-uesquare-3118","session_2026_05_31_initial_research","batch_2026_05_31_cove_phase2","2026-05-31","2026-05-31","2026-05-31","phase6_scored_failed","Cove","approved","Master Ensuite Room","https://cove.sg/listings/3118-cove-474-master-ensuite-room-ue-square-residences","exact_or_best_public_room_page","207 River Valley Road, Singapore 238275","River Valley / Fort Canning","coliving_operator","private room","Queen Bed","private bathroom","SGD","2500","2500","1953.12",,,"0.78125","2026-06-02","1",,,"unknown","Cove student FAQ says first invoice includes a one-month refundable deposit, prorated first month, and a one-off administration fee","","","yes; Cove students page says minimum stay 3 months","yes","yes","yes","yes","yes","","1",,"unknown","yes","unknown","unknown","unknown","yes","Exact Cove room page; 22.7 sqm room with queen bed, desk, private bathroom, external window, and central location","Exact-room and property photos look believable rather than over-staged, with a more comfortable room feel than the smaller Cove categories. Bathrooms read clean and functional, though several properties look more practical than luxurious.","18","public transport","Fort Canning MRT","medium"
"cove-regency-3106","session_2026_05_31_initial_research","batch_2026_05_31_cove_phase2","2026-05-31","2026-05-31","2026-05-31","phase6_scored_failed","Cove","approved","Master Ensuite Room","https://cove.sg/listings/3106-cove-471-master-ensuite-room-regency-lodge","exact_or_best_public_room_page","17 Shanghai Road, Singapore 248191","River Valley / Great World","coliving_operator","private room","Queen Bed","private bathroom","SGD","2250","2250","1757.81",,,"0.78125","2026-06-02","1",,,"unknown","Cove student FAQ says first invoice includes a one-month refundable deposit, prorated first month, and a one-off administration fee; page also shows a higher crossed-out T&C price","unknown","","yes; Cove students page says minimum stay 3 months","yes","yes","yes","yes","yes","","1",,"unknown","yes","unknown","unknown","unknown","yes","Exact Cove room page; 22.2 sqm master ensuite with queen bed, desk, external window, and separate shower plus bathtub","Exact-room and property photos look believable rather than over-staged, with a more comfortable room feel than the smaller Cove categories. Bathrooms read clean and functional, though several properties look more practical than luxurious.","18","public transport","Great World MRT","medium"
