"source_name","apartment_or_room_style","cost_sgd","cost_usd","minutes_from_smu","total_score","exact_listing_url","lease_fit_score","cost_score","location_score","living_arrangement_score","unit_quality_score","trust_score"
"The Assembly Place","TAP Lite","SGD 1950","USD 1,523.44","5","85/103","https://www.theassemblyplace.com/properties/140-jalan-besar/","4/5","12/25","19/20","20/28","21/26","9/10"
"The Assembly Place","TAP Luxe","SGD 1950","USD 1,523.44","5","85/103","https://www.theassemblyplace.com/properties/138-jalan-besar/","4/5","12/25","19/20","20/28","21/26","9/10"
"The Assembly Place","TAP Lite","SGD 1500","USD 1,171.88","5","82/94","https://www.theassemblyplace.com/properties/138-jalan-besar/","3/5","18/25","19/20","12/28","21/26","9/10"
"The Assembly Place","TAP Lite","SGD 1700","USD 1,328.12","1","78/99","https://www.theassemblyplace.com/properties/bencoolen-house/","3/5","15/25","19/20","15/28","17/26","9/10"
"Cove","Jr. Master Ensuite Room","SGD 2000","USD 1,562.50","11","76/98","https://cove.sg/listings/476-cove-78-jr-master-ensuite-room-hock-mansions","4/5","11/25","17/20","18/28","17/26","9/10"
"Keystone Farrer Park by Homestead","Compact","SGD 1705","USD 1,332.03","","75/95","https://www.thekeystone.sg/farrerpark","4/5","17/25","5/20","20/28","20/26","9/10"
"Cove","Junior Master Ensuite Room","SGD 1950","USD 1,523.44","18","74/98","https://cove.sg/listings/3147-cove-481-junior-master-ensuite-room-hoot-kiam-mansions","4/5","11/25","15/20","18/28","17/26","9/10"
"Cove","Standard Room","SGD 1550","USD 1,210.94","18","74/98","https://cove.sg/listings/907-cove-200-standard-room-hoot-kiam-mansions","3/5","17/25","15/20","13/28","17/26","9/10"
"Cove","Standard Room","SGD 1550","USD 1,210.94","18","74/98","https://cove.sg/listings/3108-cove-471-standard-room-regency-lodge","3/5","17/25","15/20","13/28","17/26","9/10"
"Cove","Master Ensuite Room","","","10","73/88","https://cove.sg/listings/910-cove-155-master-ensuite-room-24-niven-road","4/5","7/25","18/20","18/28","17/26","9/10"
"Sophia View by The Assembly Place","TAP Lite","SGD 1950","USD 1,523.44","12","73/99","https://www.theassemblyplace.com/properties/sophia-view/","3/5","12/25","17/20","15/28","17/26","9/10"
"Cove","Studio","","","18","73/88","https://cove.sg/listings/1057-cove-178-studio-52-foch-road","5/5","7/25","15/20","20/28","17/26","9/10"
"Cove","Studio","","","18","73/88","https://cove.sg/listings/1038-cove-178-studio-52-foch-road","5/5","7/25","15/20","20/28","17/26","9/10"
"Cove","Studio","","","18","73/88","https://cove.sg/listings/1049-cove-178-studio-52-foch-road","5/5","7/25","15/20","20/28","17/26","9/10"
"Cove","Studio","","","18","73/88","https://cove.sg/listings/1056-cove-178-studio-52-foch-road","5/5","7/25","15/20","20/28","17/26","9/10"
"Cove","Standard Room","SGD 1800","USD 1,406.25","18","71/98","https://cove.sg/listings/3157-cove-483-standard-room-sam-kiang-mansions","3/5","14/25","15/20","13/28","17/26","9/10"
"Cove","Master Ensuite Room","","","18","70/88","https://cove.sg/listings/1170-cove-98-master-ensuite-room-31-37-kinta-road","4/5","7/25","15/20","18/28","17/26","9/10"
"Cove","Master Ensuite Room","","","18","70/88","https://cove.sg/listings/671-cove-103-master-ensuite-room-ritzfarrer","4/5","7/25","15/20","18/28","17/26","9/10"
"Cove","Master Ensuite Room","","","18","70/88","https://cove.sg/listings/2466-cove-368-master-ensuite-room-the-bayron","4/5","7/25","15/20","18/28","17/26","9/10"
"Cove","Master Ensuite Room","","","18","70/88","https://cove.sg/listings/3130-cove-477-master-ensuite-room-the-regalia","4/5","7/25","15/20","18/28","17/26","9/10"
"Cove","Master Ensuite Room","","","18","70/88","https://cove.sg/listings/3126-cove-476-master-ensuite-room-the-regalia","4/5","7/25","15/20","18/28","17/26","9/10"
"Cove","Master Ensuite Room","","","18","70/88","https://cove.sg/listings/3146-cove-481-master-ensuite-room-hoot-kiam-mansions","4/5","7/25","15/20","18/28","17/26","9/10"
"Cove","Standard Room","SGD 1900","USD 1,484.38","18","68/98","https://cove.sg/listings/665-cove-94-standard-room-the-plaza","3/5","11/25","15/20","13/28","17/26","9/10"
"Cove","Standard Room","SGD 1950","USD 1,523.44","18","68/98","https://cove.sg/listings/3161-cove-484-standard-room-gambier-court","3/5","11/25","15/20","13/28","17/26","9/10"
"Cove","Standard Room","SGD 1850","USD 1,445.31","18","68/98","https://cove.sg/listings/3127-cove-476-standard-room-the-regalia","3/5","11/25","15/20","13/28","17/26","9/10"
"Cove","Standard Room","SGD 1900","USD 1,484.38","18","68/98","https://cove.sg/listings/3155-cove-483-standard-room-sam-kiang-mansions","3/5","11/25","15/20","13/28","17/26","9/10"
"Cove","Standard Room","","","18","64/88","https://cove.sg/listings/3133-cove-477-standard-room-the-regalia","3/5","7/25","15/20","13/28","17/26","9/10"
"Cove","Standard Room","","","18","64/88","https://cove.sg/listings/2268-cove-353-standard-room-the-bayron","3/5","7/25","15/20","13/28","17/26","9/10"
"Cove","Standard Room","","","18","64/88","https://cove.sg/listings/2719-cove-391-standard-room-the-bayron","3/5","7/25","15/20","13/28","17/26","9/10"
"Cove","Standard Room","","","18","64/88","https://cove.sg/listings/2649-cove-390-standard-room-the-bayron","3/5","7/25","15/20","13/28","17/26","9/10"
"The Assembly Place","TAP Lite","SGD 1800","USD 1,406.25","","62/76","https://www.theassemblyplace.com/properties/the-centren/","3/5","16/25","5/20","12/28","17/26","9/10"
"The Assembly Place","TAP Lite","SGD 1750","USD 1,367.19","","61/76","https://www.theassemblyplace.com/properties/64-horne-road/","3/5","15/25","5/20","12/28","17/26","9/10"
"The Assembly Place","TAP Lite","SGD 1400","USD 1,093.75","","61/76","https://www.theassemblyplace.com/properties/79a-dunlop-street/","0/5","18/25","5/20","12/28","17/26","9/10"
"Balestier Students' Hostel","VIP Room","SGD 1900","USD 1,484.38","30","59/95","https://bshostel.com/room/vip-room/","0/5","16/25","9/20","12/28","13/26","9/10"
"Somerset-Bencoolen (Ascotts)","One-Bedroom Deluxe","","","8","56/64","https://www.discoverasr.com/en/somerset-serviced-residence/singapore/somerset-bencoolen-singapore/one-bedroom-deluxe","0/5","3/25","18/20","8/28","18/26","9/10"
"Somerset-Bencoolen (Ascotts)","One-Bedroom Premier","","","8","56/64","https://www.discoverasr.com/en/somerset-serviced-residence/singapore/somerset-bencoolen-singapore/one-bedroom-premier","0/5","3/25","18/20","8/28","18/26","9/10"
"lyf","One of a Kind Plus (Studio)","","","","55/62","https://www.discoverasr.com/en/lyf/singapore/lyf-funan-singapore/one-of-a-kind-plus-studio","4/5","0/25","6/20","18/28","18/26","9/10"
"lyf","One of A Kind (Studio)","","","","54/62","https://www.discoverasr.com/en/lyf/singapore/lyf-farrer-park-singapore/one-of-a-kind-studio","4/5","0/25","5/20","18/28","18/26","9/10"
"Citadines Singapore","One-Bedroom Premier","","","","53/62","https://www.discoverasr.com/en/citadines/singapore/citadines-rochor-singapore/one-bedroom-premier","4/5","0/25","6/20","18/28","16/26","9/10"
"Citadines Singapore","Studio Executive","","","","53/62","https://www.discoverasr.com/en/citadines/singapore/citadines-rochor-singapore/studio-executive","4/5","0/25","6/20","18/28","16/26","9/10"
"Citadines Singapore","Studio Premier","","","","53/62","https://www.discoverasr.com/en/citadines/singapore/citadines-rochor-singapore/studio-premier","4/5","0/25","6/20","18/28","16/26","9/10"
"lyf","Nano Queen","","","","53/62","https://www.discoverasr.com/en/lyf/singapore/lyf-bugis-singapore/nano-queen","4/5","0/25","6/20","18/28","16/26","9/10"
"lyf","One of A Kind (Studio)","","","","53/62","https://www.discoverasr.com/en/lyf/singapore/lyf-bugis-singapore/one-of-a-kind-studio","4/5","0/25","6/20","18/28","16/26","9/10"
"lyf","One of A Kind Plus (Studio Premier)","","","","53/62","https://www.discoverasr.com/en/lyf/singapore/lyf-bugis-singapore/one-of-a-kind-plus-studio-premier","4/5","0/25","6/20","18/28","16/26","9/10"
"lyf","Nano Queen","","","","45/57","https://www.discoverasr.com/en/lyf/singapore/lyf-chinatown-singapore | exact room deep link not exposed on the public page used for extraction","3/5","0/25","5/20","12/28","17/26","8/10"
"lyf","Nano Queen Plus","","","","45/57","https://www.discoverasr.com/en/lyf/singapore/lyf-chinatown-singapore | exact room deep link not exposed on the public page used for extraction","3/5","0/25","5/20","12/28","17/26","8/10"
"Balestier Students' Hostel","Mini Single Room","","","30","43/73","https://www.legacy.bshostel.com/ | exact mini single room deep link not exposed on the public site","0/5","3/25","9/20","14/28","9/26","8/10"
"lyf","One of A Kind","","","","41/52","https://www.discoverasr.com/en/lyf/singapore/lyf-chinatown-singapore | exact room deep link not exposed on the public page used for extraction","0/5","0/25","5/20","12/28","16/26","8/10"
"lyf","One of A Kind Plus","","","","41/52","https://www.discoverasr.com/en/lyf/singapore/lyf-chinatown-singapore | exact room deep link not exposed on the public page used for extraction","0/5","0/25","5/20","12/28","16/26","8/10"
"lyf","One of a Kind (Studio)","","","","38/46","https://www.discoverasr.com/en/lyf/singapore/lyf-funan-singapore | exact room deep link not exposed on the public page used for extraction","0/5","0/25","6/20","8/28","16/26","8/10"
"The Assembly Place","TAP Luxe","SGD 2500","USD 1,953.12","1","78/96","https://www.theassemblyplace.com/properties/bencoolen-house/","4/5","8/25","20/20","20/28","17/26","9/10"
"60 Wilkie","TAP Luxe","SGD 2200","USD 1,718.75","12","77/96","https://www.theassemblyplace.com/properties/60-wilkie/","4/5","8/25","19/20","20/28","17/26","9/10"
"Sophia View by The Assembly Place","TAP Luxe","SGD 2450","USD 1,914.06","12","77/96","https://www.theassemblyplace.com/properties/sophia-view/","4/5","8/25","19/20","20/28","17/26","9/10"
"Cove","Master Ensuite Room","SGD 2550","USD 1,992.19","10","72/84","https://cove.sg/listings/915-cove-155-master-ensuite-room-24-niven-road","4/5","7/25","19/20","21/28","13/26","8/10"
"A Co-Living Hotel @ Veerasamy by The Assembly Place","Queen Deluxe","SGD 2750","USD 2,148.44","22","71/96","https://www.theassemblyplace.com/properties/a-co-living-hotel-veerasamy/","4/5","8/25","14/20","20/28","16/26","9/10"
"The Assembly Place","TAP Luxe","SGD 2200","USD 1,718.75","5","69/87","https://www.theassemblyplace.com/properties/140-jalan-besar/","3/5","8/25","20/20","12/28","17/26","9/10"
"Cove","Master Ensuite Room","SGD 2550","USD 1,992.19","18","69/84","https://cove.sg/listings/3114-cove-473-master-ensuite-room-ue-square-residences","4/5","7/25","16/20","21/28","13/26","8/10"
"Cove","Master Ensuite Room","SGD 2500","USD 1,953.12","18","69/84","https://cove.sg/listings/3118-cove-474-master-ensuite-room-ue-square-residences","4/5","7/25","16/20","21/28","13/26","8/10"
"Cove","Master Ensuite Room","SGD 2250","USD 1,757.81","18","69/84","https://cove.sg/listings/3106-cove-471-master-ensuite-room-regency-lodge","4/5","7/25","16/20","21/28","13/26","8/10"
"A Co-Living Hotel @ Veerasamy by The Assembly Place","Single","SGD 1870","USD 1,460.94","22","69/96","https://www.theassemblyplace.com/properties/a-co-living-hotel-veerasamy/","0/5","11/25","14/20","20/28","15/26","9/10"
"A Co-Living Hotel @ Veerasamy by The Assembly Place","Queen - Windowless","SGD 2420","USD 1,890.62","22","68/96","https://www.theassemblyplace.com/properties/a-co-living-hotel-veerasamy/","4/5","8/25","14/20","17/28","16/26","9/10"
"Keystone Farrer Park by Homestead","Standard","SGD 2145","USD 1,675.78","","61/82","https://www.thekeystone.sg/farrerpark","4/5","12/25","0/20","20/28","15/26","10/10"
"Keystone Farrer Park by Homestead","XL","SGD 2255","USD 1,761.72","","61/82","https://www.thekeystone.sg/farrerpark","4/5","12/25","0/20","20/28","15/26","10/10"
"The Assembly Place","TAP Luxe","SGD 2200","USD 1,718.75","","57/76","https://www.theassemblyplace.com/properties/3-tank-road/","4/5","8/25","0/20","20/28","16/26","9/10"
"The Assembly Place","TAP Luxe","SGD 2300","USD 1,796.88","","56/76","https://www.theassemblyplace.com/properties/the-centren/","4/5","7/25","0/20","20/28","17/26","8/10"
"Balestier Students' Hostel","Single Room","SGD 1500","USD 1,171.88","30","34/75","https://bshostel.com/ | https://www.legacy.bshostel.com/ | exact single-room deep link not exposed on the public site","0/5","3/25","9/20","13/28","4/26","5/10"
